outcome,outcome_type,batch,model_method,model_file,outcome_variant,analysis,employment_status,is_weekend_factor,sex_concept,month,dst_observes,age_at_sleep,PhotoPeriod,duration_hours,estimate,conf.low,conf.high
duration,Duration,base,REML,duration_poly_interact_04_REML.rds,primary,age_main,NA,NA,NA,NA,NA,18,NA,NA,8.310598448923443,7.287694303898767,9.333502593948118
duration,Duration,base,REML,duration_poly_interact_04_REML.rds,primary,age_main,NA,NA,NA,NA,NA,19,NA,NA,8.252329588066114,7.287851366585682,9.216807809546548
duration,Duration,base,REML,duration_poly_interact_04_REML.rds,primary,age_main,NA,NA,NA,NA,NA,20,NA,NA,8.194060727208786,7.287746136899563,9.10037531751801
duration,Duration,base,REML,duration_poly_interact_04_REML.rds,primary,age_main,NA,NA,NA,NA,NA,21,NA,NA,8.135792877002629,7.2873245782409475,8.98426117576431
duration,Duration,base,REML,duration_poly_interact_04_REML.rds,primary,age_main,NA,NA,NA,NA,NA,22,NA,NA,8.077597580730181,7.286521524876708,8.868673636583654
duration,Duration,base,REML,duration_poly_interact_04_REML.rds,primary,age_main,NA,NA,NA,NA,NA,23,NA,NA,8.01966181078147,7.285263363766537,8.754060257796402
duration,Duration,base,REML,duration_poly_interact_04_REML.rds,primary,age_main,NA,NA,NA,NA,NA,24,NA,NA,7.96218321823059,7.283463601436963,8.640902835024216
duration,Duration,base,REML,duration_poly_interact_04_REML.rds,primary,age_main,NA,NA,NA,NA,NA,25,NA,NA,7.905359454151639,7.281018102325891,8.529700805977386
duration,Duration,base,REML,duration_poly_interact_04_REML.rds,primary,age_main,NA,NA,NA,NA,NA,26,NA,NA,7.849388169618708,7.277801307782496,8.42097503145492
duration,Duration,base,REML,duration_poly_interact_04_REML.rds,primary,age_main,NA,NA,NA,NA,NA,27,NA,NA,7.794467015705894,7.2736590767115326,8.315274954700255
duration,Duration,base,REML,duration_poly_interact_04_REML.rds,primary,age_main,NA,NA,NA,NA,NA,28,NA,NA,7.740793643487289,7.268403453164925,8.213183833809653
duration,Duration,base,REML,duration_poly_interact_04_REML.rds,primary,age_main,NA,NA,NA,NA,NA,29,NA,NA,7.688565704036988,7.261803551506385,8.115327856567593
duration,Duration,base,REML,duration_poly_interact_04_REML.rds,primary,age_main,NA,NA,NA,NA,NA,30,NA,NA,7.637980848429088,7.253579349398772,8.022382347459406
duration,Duration,base,REML,duration_poly_interact_04_REML.rds,primary,age_main,NA,NA,NA,NA,NA,31,NA,NA,7.589236727737683,7.243400997836202,7.935072457639164
duration,Duration,base,REML,duration_poly_interact_04_REML.rds,primary,age_main,NA,NA,NA,NA,NA,32,NA,NA,7.542530993036864,7.230901683668751,7.854160302404976
duration,Duration,base,REML,duration_poly_interact_04_REML.rds,primary,age_main,NA,NA,NA,NA,NA,33,NA,NA,7.498061295400729,7.21571464506015,7.780407945741307
duration,Duration,base,REML,duration_poly_interact_04_REML.rds,primary,age_main,NA,NA,NA,NA,NA,34,NA,NA,7.456025285903368,7.197557830820497,7.714492740986239
duration,Duration,base,REML,duration_poly_interact_04_REML.rds,primary,age_main,NA,NA,NA,NA,NA,35,NA,NA,7.416620615618881,7.176360135734611,7.656881095503151
duration,Duration,base,REML,duration_poly_interact_04_REML.rds,primary,age_main,NA,NA,NA,NA,NA,36,NA,NA,7.380044935621359,7.1524115897710026,7.607678281471715
duration,Duration,base,REML,duration_poly_interact_04_REML.rds,primary,age_main,NA,NA,NA,NA,NA,37,NA,NA,7.346495896984897,7.126456565661582,7.566535228308212
duration,Duration,base,REML,duration_poly_interact_04_REML.rds,primary,age_main,NA,NA,NA,NA,NA,38,NA,NA,7.316171150783591,7.099665764241415,7.5326765373257665
duration,Duration,base,REML,duration_poly_interact_04_REML.rds,primary,age_main,NA,NA,NA,NA,NA,39,NA,NA,7.289268348091533,7.073480519574869,7.505056176608197
duration,Duration,base,REML,duration_poly_interact_04_REML.rds,primary,age_main,NA,NA,NA,NA,NA,40,NA,NA,7.265985139982821,7.049405235070375,7.482565044895266
duration,Duration,base,REML,duration_poly_interact_04_REML.rds,primary,age_main,NA,NA,NA,NA,NA,41,NA,NA,7.246519177531547,7.028842409707726,7.464195945355368
duration,Duration,base,REML,duration_poly_interact_04_REML.rds,primary,age_main,NA,NA,NA,NA,NA,42,NA,NA,7.231068111811803,7.012997820766807,7.449138402856799
duration,Duration,base,REML,duration_poly_interact_04_REML.rds,primary,age_main,NA,NA,NA,NA,NA,43,NA,NA,7.219829593897688,7.002845598341737,7.43681358945364
duration,Duration,base,REML,duration_poly_interact_04_REML.rds,primary,age_main,NA,NA,NA,NA,NA,44,NA,NA,7.213001274863294,6.99911906985857,7.426883479868018
duration,Duration,base,REML,duration_poly_interact_04_REML.rds,primary,age_main,NA,NA,NA,NA,NA,45,NA,NA,7.210697973471306,7.002157865976598,7.419238080966013
duration,Duration,base,REML,duration_poly_interact_04_REML.rds,primary,age_main,NA,NA,NA,NA,NA,46,NA,NA,7.212440571979501,7.011054249738644,7.4138268942203585
duration,Duration,base,REML,duration_poly_interact_04_REML.rds,primary,age_main,NA,NA,NA,NA,NA,47,NA,NA,7.21749072434043,7.024256946313799,7.410724502367061
duration,Duration,base,REML,duration_poly_interact_04_REML.rds,primary,age_main,NA,NA,NA,NA,NA,48,NA,NA,7.22510900399778,7.040059336103951,7.410158671891608
duration,Duration,base,REML,duration_poly_interact_04_REML.rds,primary,age_main,NA,NA,NA,NA,NA,49,NA,NA,7.234555984395229,7.056677932113252,7.412434036677205
duration,Duration,base,REML,duration_poly_interact_04_REML.rds,primary,age_main,NA,NA,NA,NA,NA,50,NA,NA,7.245092238976468,7.0723764285626904,7.417808049390245
duration,Duration,base,REML,duration_poly_interact_04_REML.rds,primary,age_main,NA,NA,NA,NA,NA,51,NA,NA,7.255978341185178,7.085643833406806,7.426312848963549
duration,Duration,base,REML,duration_poly_interact_04_REML.rds,primary,age_main,NA,NA,NA,NA,NA,52,NA,NA,7.266474864465044,7.09538320364214,7.437566525287949
duration,Duration,base,REML,duration_poly_interact_04_REML.rds,primary,age_main,NA,NA,NA,NA,NA,53,NA,NA,7.27584238225975,7.1010169292489955,7.450667835270504
duration,Duration,base,REML,duration_poly_interact_04_REML.rds,primary,age_main,NA,NA,NA,NA,NA,54,NA,NA,7.283341468012984,7.1024432478090525,7.4642396882169155
duration,Duration,base,REML,duration_poly_interact_04_REML.rds,primary,age_main,NA,NA,NA,NA,NA,55,NA,NA,7.288232695168426,7.099871998867318,7.476593391469533
duration,Duration,base,REML,duration_poly_interact_04_REML.rds,primary,age_main,NA,NA,NA,NA,NA,56,NA,NA,7.289787570447888,7.093641066896108,7.485934073999669
duration,Duration,base,REML,duration_poly_interact_04_REML.rds,primary,age_main,NA,NA,NA,NA,NA,57,NA,NA,7.287649884393936,7.084241737130883,7.491058031656989
duration,Duration,base,REML,duration_poly_interact_04_REML.rds,primary,age_main,NA,NA,NA,NA,NA,58,NA,NA,7.281918559562649,7.072208231220672,7.491628887904626
duration,Duration,base,REML,duration_poly_interact_04_REML.rds,primary,age_main,NA,NA,NA,NA,NA,59,NA,NA,7.272720231416007,7.0578843773434805,7.487556085488533
duration,Duration,base,REML,duration_poly_interact_04_REML.rds,primary,age_main,NA,NA,NA,NA,NA,60,NA,NA,7.260181535415991,7.041464144759498,7.478898926072484
duration,Duration,base,REML,duration_poly_interact_04_REML.rds,primary,age_main,NA,NA,NA,NA,NA,61,NA,NA,7.244429107024579,7.023026421839045,7.465831792210112
duration,Duration,base,REML,duration_poly_interact_04_REML.rds,primary,age_main,NA,NA,NA,NA,NA,62,NA,NA,7.225589581703752,7.002558704809191,7.448620458598313
duration,Duration,base,REML,duration_poly_interact_04_REML.rds,primary,age_main,NA,NA,NA,NA,NA,63,NA,NA,7.20378959491549,6.979970071545914,7.427609118285066
duration,Duration,base,REML,duration_poly_interact_04_REML.rds,primary,age_main,NA,NA,NA,NA,NA,64,NA,NA,7.179155782121772,6.955098288854714,7.403213275388831
duration,Duration,base,REML,duration_poly_interact_04_REML.rds,primary,age_main,NA,NA,NA,NA,NA,65,NA,NA,7.151814778784581,6.927716904959796,7.375912652609365
duration,Duration,base,REML,duration_poly_interact_04_REML.rds,primary,age_main,NA,NA,NA,NA,NA,66,NA,NA,7.121893220365892,6.897541670220972,7.346244770510811
duration,Duration,base,REML,duration_poly_interact_04_REML.rds,primary,age_main,NA,NA,NA,NA,NA,67,NA,NA,7.089517742327687,6.864243758496173,7.314791726159202
duration,Duration,base,REML,duration_poly_interact_04_REML.rds,primary,age_main,NA,NA,NA,NA,NA,68,NA,NA,7.054814980131948,6.82747083731239,7.282159122951507
duration,Duration,base,REML,duration_poly_interact_04_REML.rds,primary,age_main,NA,NA,NA,NA,NA,69,NA,NA,7.017911569240652,6.7868767020672465,7.248946436414057
duration,Duration,base,REML,duration_poly_interact_04_REML.rds,primary,age_main,NA,NA,NA,NA,NA,70,NA,NA,6.978934145115778,6.742158447350075,7.21570984288148
duration,Duration,base,REML,duration_poly_interact_04_REML.rds,primary,age_main,NA,NA,NA,NA,NA,71,NA,NA,6.938009343219311,6.6930941765684615,7.18292450987016
duration,Duration,base,REML,duration_poly_interact_04_REML.rds,primary,age_main,NA,NA,NA,NA,NA,72,NA,NA,6.895263799013225,6.639571309980527,7.150956288045924
duration,Duration,base,REML,duration_poly_interact_04_REML.rds,primary,age_main,NA,NA,NA,NA,NA,73,NA,NA,6.850824147959505,6.581599475781202,7.120048820137809
duration,Duration,base,REML,duration_poly_interact_04_REML.rds,primary,age_main,NA,NA,NA,NA,NA,74,NA,NA,6.804817025520128,6.519304143222519,7.090329907817737
duration,Duration,base,REML,duration_poly_interact_04_REML.rds,primary,age_main,NA,NA,NA,NA,NA,75,NA,NA,6.757369067157074,6.452906754684689,7.061831379629459
duration,Duration,base,REML,duration_poly_interact_04_REML.rds,primary,age_main,NA,NA,NA,NA,NA,76,NA,NA,6.708606908332324,6.382697529907663,7.034516286756984
duration,Duration,base,REML,duration_poly_interact_04_REML.rds,primary,age_main,NA,NA,NA,NA,NA,77,NA,NA,6.658657184507854,6.309008999602415,7.008305369413294
duration,Duration,base,REML,duration_poly_interact_04_REML.rds,primary,age_main,NA,NA,NA,NA,NA,78,NA,NA,6.607646531145651,6.232194430674431,6.983098631616871
duration,Duration,base,REML,duration_poly_interact_04_REML.rds,primary,age_main,NA,NA,NA,NA,NA,79,NA,NA,6.555701583707688,6.152612025684858,6.958791141730519
duration,Duration,base,REML,duration_poly_interact_04_REML.rds,primary,age_main,NA,NA,NA,NA,NA,80,NA,NA,6.50294897765595,6.070615849125698,6.935282106186202
duration,Duration,base,REML,duration_poly_interact_04_REML.rds,primary,age_main,NA,NA,NA,NA,NA,81,NA,NA,6.449515348452413,5.986550060089167,6.912480636815658
duration,Duration,base,REML,duration_poly_interact_04_REML.rds,primary,age_main,NA,NA,NA,NA,NA,82,NA,NA,6.395527331559059,5.900747086138758,6.890307576979359
duration,Duration,base,REML,duration_poly_interact_04_REML.rds,primary,age_main,NA,NA,NA,NA,NA,83,NA,NA,6.3411115624378676,5.813527016934177,6.868696107941558
duration,Duration,base,REML,duration_poly_interact_04_REML.rds,primary,age_main,NA,NA,NA,NA,NA,84,NA,NA,6.286394676550818,5.725198401528267,6.847590951573368
duration,Duration,base,REML,duration_poly_interact_04_REML.rds,primary,age_main,NA,NA,NA,NA,NA,85,NA,NA,6.231503309359892,5.636059094596326,6.826947524123459
duration,Duration,dst,REML,duration_poly_interact_04_dst_REML.rds,primary,age_main,NA,NA,NA,NA,NA,18,NA,NA,8.32923983623642,7.3018454521313485,9.35663422034149
duration,Duration,dst,REML,duration_poly_interact_04_dst_REML.rds,primary,age_main,NA,NA,NA,NA,NA,19,NA,NA,8.270939808940978,7.302348334091864,9.239531283790091
duration,Duration,dst,REML,duration_poly_interact_04_dst_REML.rds,primary,age_main,NA,NA,NA,NA,NA,20,NA,NA,8.212639781645539,7.302572457734233,9.122707105556843
duration,Duration,dst,REML,duration_poly_interact_04_dst_REML.rds,primary,age_main,NA,NA,NA,NA,NA,21,NA,NA,8.1543407661075,7.302460597651129,9.00622093456387
duration,Duration,dst,REML,duration_poly_interact_04_dst_REML.rds,primary,age_main,NA,NA,NA,NA,NA,22,NA,NA,8.09611438391864,7.301942763247183,8.890286004590095
duration,Duration,dst,REML,duration_poly_interact_04_dst_REML.rds,primary,age_main,NA,NA,NA,NA,NA,23,NA,NA,8.038147812123633,7.30093964516198,8.775355979085285
duration,Duration,dst,REML,duration_poly_interact_04_dst_REML.rds,primary,age_main,NA,NA,NA,NA,NA,24,NA,NA,7.980638918139812,7.299357029685498,8.661920806594127
duration,Duration,dst,REML,duration_poly_interact_04_dst_REML.rds,primary,age_main,NA,NA,NA,NA,NA,25,NA,NA,7.923785569384504,7.297082357854497,8.55048878091451
duration,Duration,dst,REML,duration_poly_interact_04_dst_REML.rds,primary,age_main,NA,NA,NA,NA,NA,26,NA,NA,7.867785633275038,7.293979403553394,8.441591862996683
duration,Duration,dst,REML,duration_poly_interact_04_dst_REML.rds,primary,age_main,NA,NA,NA,NA,NA,27,NA,NA,7.812836977228738,7.289882019030259,8.335791935427217
duration,Duration,dst,REML,duration_poly_interact_04_dst_REML.rds,primary,age_main,NA,NA,NA,NA,NA,28,NA,NA,7.759137468662938,7.284586095663166,8.233688841662708
duration,Duration,dst,REML,duration_poly_interact_04_dst_REML.rds,primary,age_main,NA,NA,NA,NA,NA,29,NA,NA,7.706884974994961,7.277843289714333,8.135926660275588
duration,Duration,dst,REML,duration_poly_interact_04_dst_REML.rds,primary,age_main,NA,NA,NA,NA,NA,30,NA,NA,7.656277363642138,7.269353889920348,8.043200837363928
duration,Duration,dst,REML,duration_poly_interact_04_dst_REML.rds,primary,age_main,NA,NA,NA,NA,NA,31,NA,NA,7.607512502021794,7.2587683798951375,7.95625662414845
duration,Duration,dst,REML,duration_poly_interact_04_dst_REML.rds,primary,age_main,NA,NA,NA,NA,NA,32,NA,NA,7.56078825755126,7.24570419693532,7.8758723181672
duration,Duration,dst,REML,duration_poly_interact_04_dst_REML.rds,primary,age_main,NA,NA,NA,NA,NA,33,NA,NA,7.516302497647861,7.229792694505926,7.802812300789796
duration,Duration,dst,REML,duration_poly_interact_04_dst_REML.rds,primary,age_main,NA,NA,NA,NA,NA,34,NA,NA,7.474253089728928,7.210770227788136,7.737735951669721
duration,Duration,dst,REML,duration_poly_interact_04_dst_REML.rds,primary,age_main,NA,NA,NA,NA,NA,35,NA,NA,7.43483790121179,7.188614572185974,7.681061230237605
duration,Duration,dst,REML,duration_poly_interact_04_dst_REML.rds,primary,age_main,NA,NA,NA,NA,NA,36,NA,NA,7.398254799513771,7.163688288909391,7.632821310118152
duration,Duration,dst,REML,duration_poly_interact_04_dst_REML.rds,primary,age_main,NA,NA,NA,NA,NA,37,NA,NA,7.364701652052201,7.1368131139761095,7.592590190128292
duration,Duration,dst,REML,duration_poly_interact_04_dst_REML.rds,primary,age_main,NA,NA,NA,NA,NA,38,NA,NA,7.33437632624441,7.109218091686309,7.559534560802511
duration,Duration,dst,REML,duration_poly_interact_04_dst_REML.rds,primary,age_main,NA,NA,NA,NA,NA,39,NA,NA,7.3074766895077214,7.082368488135041,7.532584890880402
duration,Duration,dst,REML,duration_poly_interact_04_dst_REML.rds,primary,age_main,NA,NA,NA,NA,NA,40,NA,NA,7.284200609259467,7.057763837554219,7.510637380964715
duration,Duration,dst,REML,duration_poly_interact_04_dst_REML.rds,primary,age_main,NA,NA,NA,NA,NA,41,NA,NA,7.264745952916974,7.036785585354123,7.492706320479826
duration,Duration,dst,REML,duration_poly_interact_04_dst_REML.rds,primary,age_main,NA,NA,NA,NA,NA,42,NA,NA,7.249310587897569,7.020614888909014,7.478006286886124
duration,Duration,dst,REML,duration_poly_interact_04_dst_REML.rds,primary,age_main,NA,NA,NA,NA,NA,43,NA,NA,7.238092381618582,7.010204454631016,7.465980308606148
duration,Duration,dst,REML,duration_poly_interact_04_dst_REML.rds,primary,age_main,NA,NA,NA,NA,NA,44,NA,NA,7.231289201497339,7.006272220596168,7.45630618239851
duration,Duration,dst,REML,duration_poly_interact_04_dst_REML.rds,primary,age_main,NA,NA,NA,NA,NA,45,NA,NA,7.229015876462643,7.009150792786906,7.44888096013838
duration,Duration,dst,REML,duration_poly_interact_04_dst_REML.rds,primary,age_main,NA,NA,NA,NA,NA,46,NA,NA,7.2307918205767026,7.01793568606377,7.443647955089635
duration,Duration,dst,REML,duration_poly_interact_04_dst_REML.rds,primary,age_main,NA,NA,NA,NA,NA,47,NA,NA,7.235876574353792,7.031091508098788,7.440661640608797
duration,Duration,dst,REML,duration_poly_interact_04_dst_REML.rds,primary,age_main,NA,NA,NA,NA,NA,48,NA,NA,7.243528595109844,7.046941741021234,7.440115449198453
duration,Duration,dst,REML,duration_poly_interact_04_dst_REML.rds,primary,age_main,NA,NA,NA,NA,NA,49,NA,NA,7.253006340160781,7.06374343096107,7.442269249360493
duration,Duration,dst,REML,duration_poly_interact_04_dst_REML.rds,primary,age_main,NA,NA,NA,NA,NA,50,NA,NA,7.263568266822532,7.079800154833411,7.447336378811654
duration,Duration,dst,REML,duration_poly_interact_04_dst_REML.rds,primary,age_main,NA,NA,NA,NA,NA,51,NA,NA,7.2744728324110275,7.093619496160649,7.455326168661406
duration,Duration,dst,REML,duration_poly_interact_04_dst_REML.rds,primary,age_main,NA,NA,NA,NA,NA,52,NA,NA,7.284978494242195,7.10408085726723,7.46587613121716
duration,Duration,dst,REML,duration_poly_interact_04_dst_REML.rds,primary,age_main,NA,NA,NA,NA,NA,53,NA,NA,7.294343709631963,7.110538671297867,7.478148747966058
duration,Duration,dst,REML,duration_poly_interact_04_dst_REML.rds,primary,age_main,NA,NA,NA,NA,NA,54,NA,NA,7.301826935896257,7.112801031998294,7.490852839794219
duration,Duration,dst,REML,duration_poly_interact_04_dst_REML.rds,primary,age_main,NA,NA,NA,NA,NA,55,NA,NA,7.306686630351006,7.110997067112304,7.502376193589708
duration,Duration,dst,REML,duration_poly_interact_04_dst_REML.rds,primary,age_main,NA,NA,NA,NA,NA,56,NA,NA,7.308192218357505,7.105409378979676,7.510975057735335
duration,Duration,dst,REML,duration_poly_interact_04_dst_REML.rds,primary,age_main,NA,NA,NA,NA,NA,57,NA,NA,7.30598659294059,7.096513929165045,7.5154592567161345
duration,Duration,dst,REML,duration_poly_interact_04_dst_REML.rds,primary,age_main,NA,NA,NA,NA,NA,58,NA,NA,7.300169226434246,7.084859621108894,7.515478831759598
duration,Duration,dst,REML,duration_poly_interact_04_dst_REML.rds,primary,age_main,NA,NA,NA,NA,NA,59,NA,NA,7.290867392203923,7.070809098469114,7.510925685938732
duration,Duration,dst,REML,duration_poly_interact_04_dst_REML.rds,primary,age_main,NA,NA,NA,NA,NA,60,NA,NA,7.278208363615075,7.0545742417467485,7.501842485483402
duration,Duration,dst,REML,duration_poly_interact_04_dst_REML.rds,primary,age_main,NA,NA,NA,NA,NA,61,NA,NA,7.262319414033152,7.036250620367106,7.488388207699199
duration,Duration,dst,REML,duration_poly_interact_04_dst_REML.rds,primary,age_main,NA,NA,NA,NA,NA,62,NA,NA,7.243327816823611,7.0158407065193265,7.470814927127896
duration,Duration,dst,REML,duration_poly_interact_04_dst_REML.rds,primary,age_main,NA,NA,NA,NA,NA,63,NA,NA,7.2213608453519,6.993266208082863,7.449455482620937
duration,Duration,dst,REML,duration_poly_interact_04_dst_REML.rds,primary,age_main,NA,NA,NA,NA,NA,64,NA,NA,7.196545772983472,6.968377256339224,7.424714289627721
duration,Duration,dst,REML,duration_poly_interact_04_dst_REML.rds,primary,age_main,NA,NA,NA,NA,NA,65,NA,NA,7.169009873083783,6.94095885643425,7.397060889733316
duration,Duration,dst,REML,duration_poly_interact_04_dst_REML.rds,primary,age_main,NA,NA,NA,NA,NA,66,NA,NA,7.138880419018282,6.910737035652284,7.36702380238428
duration,Duration,dst,REML,duration_poly_interact_04_dst_REML.rds,primary,age_main,NA,NA,NA,NA,NA,67,NA,NA,7.1062846841524205,6.8773928409585805,7.335176527346261
duration,Duration,dst,REML,duration_poly_interact_04_dst_REML.rds,primary,age_main,NA,NA,NA,NA,NA,68,NA,NA,7.071349941851656,6.840581698340795,7.3021181853625166
duration,Duration,dst,REML,duration_poly_interact_04_dst_REML.rds,primary,age_main,NA,NA,NA,NA,NA,69,NA,NA,7.034203465481435,6.799962361611748,7.268444569351122
duration,Duration,dst,REML,duration_poly_interact_04_dst_REML.rds,primary,age_main,NA,NA,NA,NA,NA,70,NA,NA,6.994972528407213,6.755233414210166,7.2347116426042595
duration,Duration,dst,REML,duration_poly_interact_04_dst_REML.rds,primary,age_main,NA,NA,NA,NA,NA,71,NA,NA,6.953784403994443,6.706170245250942,7.2013985627379435
duration,Duration,dst,REML,duration_poly_interact_04_dst_REML.rds,primary,age_main,NA,NA,NA,NA,NA,72,NA,NA,6.910766365608577,6.652654214590906,7.168878516626248
duration,Duration,dst,REML,duration_poly_interact_04_dst_REML.rds,primary,age_main,NA,NA,NA,NA,NA,73,NA,NA,6.866045686615065,6.594686611024904,7.137404762205226
duration,Duration,dst,REML,duration_poly_interact_04_dst_REML.rds,primary,age_main,NA,NA,NA,NA,NA,74,NA,NA,6.819749640379364,6.53238469722848,7.107114583530247
duration,Duration,dst,REML,duration_poly_interact_04_dst_REML.rds,primary,age_main,NA,NA,NA,NA,NA,75,NA,NA,6.772005500266923,6.465962725619039,7.078048274914807
duration,Duration,dst,REML,duration_poly_interact_04_dst_REML.rds,primary,age_main,NA,NA,NA,NA,NA,76,NA,NA,6.722940539643194,6.395705987688682,7.050175091597705
duration,Duration,dst,REML,duration_poly_interact_04_dst_REML.rds,primary,age_main,NA,NA,NA,NA,NA,77,NA,NA,6.672682031873632,6.321944381338386,7.0234196824088775
duration,Duration,dst,REML,duration_poly_interact_04_dst_REML.rds,primary,age_main,NA,NA,NA,NA,NA,78,NA,NA,6.621357250323687,6.245030382781186,6.9976841178661875
duration,Duration,dst,REML,duration_poly_interact_04_dst_REML.rds,primary,age_main,NA,NA,NA,NA,NA,79,NA,NA,6.5690934683588145,6.1653230145205615,6.972863922197067
duration,Duration,dst,REML,duration_poly_interact_04_dst_REML.rds,primary,age_main,NA,NA,NA,NA,NA,80,NA,NA,6.516017959344462,6.083178037202863,6.948857881486061
duration,Duration,dst,REML,duration_poly_interact_04_dst_REML.rds,primary,age_main,NA,NA,NA,NA,NA,81,NA,NA,6.462257996646089,5.99894194959531,6.9255740436968685
duration,Duration,dst,REML,duration_poly_interact_04_dst_REML.rds,primary,age_main,NA,NA,NA,NA,NA,82,NA,NA,6.407940853629141,5.912949668131563,6.902932039126719
duration,Duration,dst,REML,duration_poly_interact_04_dst_REML.rds,primary,age_main,NA,NA,NA,NA,NA,83,NA,NA,6.3531938036590745,5.825523868823991,6.880863738494158
duration,Duration,dst,REML,duration_poly_interact_04_dst_REML.rds,primary,age_main,NA,NA,NA,NA,NA,84,NA,NA,6.298144120101341,5.736975384101292,6.85931285610139
duration,Duration,dst,REML,duration_poly_interact_04_dst_REML.rds,primary,age_main,NA,NA,NA,NA,NA,85,NA,NA,6.242919076321392,5.647604788520457,6.838233364122328
midpoint,ClockTime,base,REML,midpoint_poly_interact_04_REML.rds,primary,age_main,NA,NA,NA,NA,NA,18,NA,NA,2.9922537096194115,1.4228269750578053,4.561680444181018
midpoint,ClockTime,base,REML,midpoint_poly_interact_04_REML.rds,primary,age_main,NA,NA,NA,NA,NA,19,NA,NA,3.00844643731766,1.5284961742666825,4.488396700368638
midpoint,ClockTime,base,REML,midpoint_poly_interact_04_REML.rds,primary,age_main,NA,NA,NA,NA,NA,20,NA,NA,3.024639165015909,1.6337624555803651,4.415515874451452
midpoint,ClockTime,base,REML,midpoint_poly_interact_04_REML.rds,primary,age_main,NA,NA,NA,NA,NA,21,NA,NA,3.040831575097603,1.7385370710453787,4.343126079149828
midpoint,ClockTime,base,REML,midpoint_poly_interact_04_REML.rds,primary,age_main,NA,NA,NA,NA,NA,22,NA,NA,3.0570011837112707,1.842590544282828,4.271411823139713
midpoint,ClockTime,base,REML,midpoint_poly_interact_04_REML.rds,primary,age_main,NA,NA,NA,NA,NA,23,NA,NA,3.073089231190063,1.945463529050517,4.20071493332961
midpoint,ClockTime,base,REML,midpoint_poly_interact_04_REML.rds,primary,age_main,NA,NA,NA,NA,NA,24,NA,NA,3.08903360188544,2.0466612354890783,4.131405968281801
midpoint,ClockTime,base,REML,midpoint_poly_interact_04_REML.rds,primary,age_main,NA,NA,NA,NA,NA,25,NA,NA,3.10477218014886,2.1456567829970967,4.063887577300623
midpoint,ClockTime,base,REML,midpoint_poly_interact_04_REML.rds,primary,age_main,NA,NA,NA,NA,NA,26,NA,NA,3.120242850331782,2.241899523484296,3.998586177179268
midpoint,ClockTime,base,REML,midpoint_poly_interact_04_REML.rds,primary,age_main,NA,NA,NA,NA,NA,27,NA,NA,3.135383496785666,2.3347870535283963,3.935979940042936
midpoint,ClockTime,base,REML,midpoint_poly_interact_04_REML.rds,primary,age_main,NA,NA,NA,NA,NA,28,NA,NA,3.150132003861971,2.423661695874079,3.876602311849863
midpoint,ClockTime,base,REML,midpoint_poly_interact_04_REML.rds,primary,age_main,NA,NA,NA,NA,NA,29,NA,NA,3.164426255912155,2.5078187593765686,3.821033752447742
midpoint,ClockTime,base,REML,midpoint_poly_interact_04_REML.rds,primary,age_main,NA,NA,NA,NA,NA,30,NA,NA,3.1782041372876786,2.5864635696989353,3.769944704876422
midpoint,ClockTime,base,REML,midpoint_poly_interact_04_REML.rds,primary,age_main,NA,NA,NA,NA,NA,31,NA,NA,3.1914035323400003,2.6587315083731538,3.724075556306847
midpoint,ClockTime,base,REML,midpoint_poly_interact_04_REML.rds,primary,age_main,NA,NA,NA,NA,NA,32,NA,NA,3.203962325420579,2.723707472742801,3.6842171780983577
midpoint,ClockTime,base,REML,midpoint_poly_interact_04_REML.rds,primary,age_main,NA,NA,NA,NA,NA,33,NA,NA,3.2158184008808743,2.7804768600592262,3.6511599417025224
midpoint,ClockTime,base,REML,midpoint_poly_interact_04_REML.rds,primary,age_main,NA,NA,NA,NA,NA,34,NA,NA,3.2269096430723447,2.828251588658663,3.6255676974860265
midpoint,ClockTime,base,REML,midpoint_poly_interact_04_REML.rds,primary,age_main,NA,NA,NA,NA,NA,35,NA,NA,3.2371739363464505,2.8665674235806606,3.60778044911224
midpoint,ClockTime,base,REML,midpoint_poly_interact_04_REML.rds,primary,age_main,NA,NA,NA,NA,NA,36,NA,NA,3.24654916505465,2.895501351348148,3.5975969787611515
midpoint,ClockTime,base,REML,midpoint_poly_interact_04_REML.rds,primary,age_main,NA,NA,NA,NA,NA,37,NA,NA,3.2549732135484017,2.91580740677389,3.5941390203229133
midpoint,ClockTime,base,REML,midpoint_poly_interact_04_REML.rds,primary,age_main,NA,NA,NA,NA,NA,38,NA,NA,3.2623839661791663,2.9288996523030515,3.595868280055281
midpoint,ClockTime,base,REML,midpoint_poly_interact_04_REML.rds,primary,age_main,NA,NA,NA,NA,NA,39,NA,NA,3.2687193072984018,2.936590613236431,3.6008480013603728
midpoint,ClockTime,base,REML,midpoint_poly_interact_04_REML.rds,primary,age_main,NA,NA,NA,NA,NA,40,NA,NA,3.2739171212575684,2.9407981618166343,3.6070360806985025
midpoint,ClockTime,base,REML,midpoint_poly_interact_04_REML.rds,primary,age_main,NA,NA,NA,NA,NA,41,NA,NA,3.2779152924081236,2.9432984410024257,3.6125321438138216
midpoint,ClockTime,base,REML,midpoint_poly_interact_04_REML.rds,primary,age_main,NA,NA,NA,NA,NA,42,NA,NA,3.280651705101528,2.9455660586546935,3.6157373515483626
midpoint,ClockTime,base,REML,midpoint_poly_interact_04_REML.rds,primary,age_main,NA,NA,NA,NA,NA,43,NA,NA,3.2820642436892404,2.9487277906621863,3.6154006967162946
midpoint,ClockTime,base,REML,midpoint_poly_interact_04_REML.rds,primary,age_main,NA,NA,NA,NA,NA,44,NA,NA,3.282090792522719,2.9535442674894052,3.610637317556033
midpoint,ClockTime,base,REML,midpoint_poly_interact_04_REML.rds,primary,age_main,NA,NA,NA,NA,NA,45,NA,NA,3.280688482401972,2.960319187098153,3.6010577777057913
midpoint,ClockTime,base,REML,midpoint_poly_interact_04_REML.rds,primary,age_main,NA,NA,NA,NA,NA,46,NA,NA,3.277952447862352,2.968496365409057,3.5874085303156473
midpoint,ClockTime,base,REML,midpoint_poly_interact_04_REML.rds,primary,age_main,NA,NA,NA,NA,NA,47,NA,NA,3.2740380562656752,2.9769943318755465,3.571081780655804
midpoint,ClockTime,base,REML,midpoint_poly_interact_04_REML.rds,primary,age_main,NA,NA,NA,NA,NA,48,NA,NA,3.2691009260347,2.9844977275760107,3.553704124493389
midpoint,ClockTime,base,REML,midpoint_poly_interact_04_REML.rds,primary,age_main,NA,NA,NA,NA,NA,49,NA,NA,3.263296675592187,2.9895758675337363,3.537017483650638
midpoint,ClockTime,base,REML,midpoint_poly_interact_04_REML.rds,primary,age_main,NA,NA,NA,NA,NA,50,NA,NA,3.256780923360895,2.9908756201876856,3.522686226534104
midpoint,ClockTime,base,REML,midpoint_poly_interact_04_REML.rds,primary,age_main,NA,NA,NA,NA,NA,51,NA,NA,3.2497092877635834,2.9873850665252446,3.512033509001922
midpoint,ClockTime,base,REML,midpoint_poly_interact_04_REML.rds,primary,age_main,NA,NA,NA,NA,NA,52,NA,NA,3.242237387223011,2.9787252601916423,3.5057495142543793
midpoint,ClockTime,base,REML,midpoint_poly_interact_04_REML.rds,primary,age_main,NA,NA,NA,NA,NA,53,NA,NA,3.234520840161938,2.965298697243083,3.503742983080793
midpoint,ClockTime,base,REML,midpoint_poly_interact_04_REML.rds,primary,age_main,NA,NA,NA,NA,NA,54,NA,NA,3.226715265003124,2.9482320403015683,3.5051984897046795
midpoint,ClockTime,base,REML,midpoint_poly_interact_04_REML.rds,primary,age_main,NA,NA,NA,NA,NA,55,NA,NA,3.218976280169327,2.9291189025479833,3.5088336577906705
midpoint,ClockTime,base,REML,midpoint_poly_interact_04_REML.rds,primary,age_main,NA,NA,NA,NA,NA,56,NA,NA,3.2114574073752555,2.909731702202241,3.51318311254827
midpoint,ClockTime,base,REML,midpoint_poly_interact_04_REML.rds,primary,age_main,NA,NA,NA,NA,NA,57,NA,NA,3.204240774333228,2.8914415668359337,3.5170399818305227
midpoint,ClockTime,base,REML,midpoint_poly_interact_04_REML.rds,primary,age_main,NA,NA,NA,NA,NA,58,NA,NA,3.197321226702869,2.874905611234441,3.519736842171296
midpoint,ClockTime,base,REML,midpoint_poly_interact_04_REML.rds,primary,age_main,NA,NA,NA,NA,NA,59,NA,NA,3.190688295555415,2.8604394299211666,3.5209371611896643
midpoint,ClockTime,base,REML,midpoint_poly_interact_04_REML.rds,primary,age_main,NA,NA,NA,NA,NA,60,NA,NA,3.184331511962108,2.8481333840918395,3.5205296398323767
midpoint,ClockTime,base,REML,midpoint_poly_interact_04_REML.rds,primary,age_main,NA,NA,NA,NA,NA,61,NA,NA,3.1782404069941834,2.837898730275711,3.518582083712656
midpoint,ClockTime,base,REML,midpoint_poly_interact_04_REML.rds,primary,age_main,NA,NA,NA,NA,NA,62,NA,NA,3.1724045117228825,2.829515084224252,3.5152939392215132
midpoint,ClockTime,base,REML,midpoint_poly_interact_04_REML.rds,primary,age_main,NA,NA,NA,NA,NA,63,NA,NA,3.1668133572194423,2.822633077540087,3.5109936368987977
midpoint,ClockTime,base,REML,midpoint_poly_interact_04_REML.rds,primary,age_main,NA,NA,NA,NA,NA,64,NA,NA,3.1614564745551013,2.816797435167339,3.5061155139428637
midpoint,ClockTime,base,REML,midpoint_poly_interact_04_REML.rds,primary,age_main,NA,NA,NA,NA,NA,65,NA,NA,3.1563233948010985,2.8114545345825386,3.5011922550196584
midpoint,ClockTime,base,REML,midpoint_poly_interact_04_REML.rds,primary,age_main,NA,NA,NA,NA,NA,66,NA,NA,3.151403649028673,2.8059695045303967,3.4968377935269497
midpoint,ClockTime,base,REML,midpoint_poly_interact_04_REML.rds,primary,age_main,NA,NA,NA,NA,NA,67,NA,NA,3.146686768309063,2.799632093781387,3.4937414428367384
midpoint,ClockTime,base,REML,midpoint_poly_interact_04_REML.rds,primary,age_main,NA,NA,NA,NA,NA,68,NA,NA,3.1421622837135073,2.7917019810327495,3.492622586394265
midpoint,ClockTime,base,REML,midpoint_poly_interact_04_REML.rds,primary,age_main,NA,NA,NA,NA,NA,69,NA,NA,3.137819726313245,2.78145392278597,3.4941855298405193
midpoint,ClockTime,base,REML,midpoint_poly_interact_04_REML.rds,primary,age_main,NA,NA,NA,NA,NA,70,NA,NA,3.1336486271795128,2.7682277808789184,3.499069473480107
midpoint,ClockTime,base,REML,midpoint_poly_interact_04_REML.rds,primary,age_main,NA,NA,NA,NA,NA,71,NA,NA,3.129638517383551,2.7514886148756643,3.5077884198914377
midpoint,ClockTime,base,REML,midpoint_poly_interact_04_REML.rds,primary,age_main,NA,NA,NA,NA,NA,72,NA,NA,3.125778927996598,2.7308675683580184,3.520690287635178
midpoint,ClockTime,base,REML,midpoint_poly_interact_04_REML.rds,primary,age_main,NA,NA,NA,NA,NA,73,NA,NA,3.122059390089892,2.7061830824547464,3.537935697725038
midpoint,ClockTime,base,REML,midpoint_poly_interact_04_REML.rds,primary,age_main,NA,NA,NA,NA,NA,74,NA,NA,3.118469434734672,2.6774258962485007,3.5595129732208433
midpoint,ClockTime,base,REML,midpoint_poly_interact_04_REML.rds,primary,age_main,NA,NA,NA,NA,NA,75,NA,NA,3.1149985930021766,2.6447314171554126,3.5852657688489407
midpoint,ClockTime,base,REML,midpoint_poly_interact_04_REML.rds,primary,age_main,NA,NA,NA,NA,NA,76,NA,NA,3.111636395963645,2.6083385980786953,3.6149341938485944
midpoint,ClockTime,base,REML,midpoint_poly_interact_04_REML.rds,primary,age_main,NA,NA,NA,NA,NA,77,NA,NA,3.108372374690314,2.568549780668733,3.648194968711895
midpoint,ClockTime,base,REML,midpoint_poly_interact_04_REML.rds,primary,age_main,NA,NA,NA,NA,NA,78,NA,NA,3.105196060253423,2.525697840106756,3.684694280400091
midpoint,ClockTime,base,REML,midpoint_poly_interact_04_REML.rds,primary,age_main,NA,NA,NA,NA,NA,79,NA,NA,3.1020969837242123,2.480125309756255,3.724068657692169
midpoint,ClockTime,base,REML,midpoint_poly_interact_04_REML.rds,primary,age_main,NA,NA,NA,NA,NA,80,NA,NA,3.099064676173918,2.432167270665426,3.76596208168241
midpoint,ClockTime,base,REML,midpoint_poly_interact_04_REML.rds,primary,age_main,NA,NA,NA,NA,NA,81,NA,NA,3.0960886686737807,2.382142885077675,3.8100344522698864
midpoint,ClockTime,base,REML,midpoint_poly_interact_04_REML.rds,primary,age_main,NA,NA,NA,NA,NA,82,NA,NA,3.093158492295038,2.330356404428109,3.855960580161967
midpoint,ClockTime,base,REML,midpoint_poly_interact_04_REML.rds,primary,age_main,NA,NA,NA,NA,NA,83,NA,NA,3.0902636781089288,2.277092672172248,3.90343468404561
midpoint,ClockTime,base,REML,midpoint_poly_interact_04_REML.rds,primary,age_main,NA,NA,NA,NA,NA,84,NA,NA,3.087393757186691,2.222616885228062,3.952170629145321
midpoint,ClockTime,base,REML,midpoint_poly_interact_04_REML.rds,primary,age_main,NA,NA,NA,NA,NA,85,NA,NA,3.0845382605995644,2.167181677978719,4.001894843220409
midpoint,ClockTime,dst,REML,midpoint_poly_interact_04_dst_REML.rds,primary,age_main,NA,NA,NA,NA,NA,18,NA,NA,2.977398961662832,1.3949488195119246,4.55984910381374
midpoint,ClockTime,dst,REML,midpoint_poly_interact_04_dst_REML.rds,primary,age_main,NA,NA,NA,NA,NA,19,NA,NA,2.9897255420930717,1.4976721386027438,4.481778945583399
midpoint,ClockTime,dst,REML,midpoint_poly_interact_04_dst_REML.rds,primary,age_main,NA,NA,NA,NA,NA,20,NA,NA,3.002052122523312,1.5999643879936465,4.404139857052977
midpoint,ClockTime,dst,REML,midpoint_poly_interact_04_dst_REML.rds,primary,age_main,NA,NA,NA,NA,NA,21,NA,NA,3.01437849518702,1.7017348460763015,4.327022144297739
midpoint,ClockTime,dst,REML,midpoint_poly_interact_04_dst_REML.rds,primary,age_main,NA,NA,NA,NA,NA,22,NA,NA,3.026689952438193,1.8027512464781976,4.250628658398188
midpoint,ClockTime,dst,REML,midpoint_poly_interact_04_dst_REML.rds,primary,age_main,NA,NA,NA,NA,NA,23,NA,NA,3.0389480570731195,1.9025652665048256,4.175330847641414
midpoint,ClockTime,dst,REML,midpoint_poly_interact_04_dst_REML.rds,primary,age_main,NA,NA,NA,NA,NA,24,NA,NA,3.051112176597358,2.000689116232234,4.101535236962482
midpoint,ClockTime,dst,REML,midpoint_poly_interact_04_dst_REML.rds,primary,age_main,NA,NA,NA,NA,NA,25,NA,NA,3.063141678516465,2.096604615212038,4.029678741820892
midpoint,ClockTime,dst,REML,midpoint_poly_interact_04_dst_REML.rds,primary,age_main,NA,NA,NA,NA,NA,26,NA,NA,3.074995930336,2.189758748015575,3.960233112656425
midpoint,ClockTime,dst,REML,midpoint_poly_interact_04_dst_REML.rds,primary,age_main,NA,NA,NA,NA,NA,27,NA,NA,3.0866342995615197,2.27955296915133,3.8937156299717097
midpoint,ClockTime,dst,REML,midpoint_poly_interact_04_dst_REML.rds,primary,age_main,NA,NA,NA,NA,NA,28,NA,NA,3.098016153698582,2.365330896811877,3.830701410585287
midpoint,ClockTime,dst,REML,midpoint_poly_interact_04_dst_REML.rds,primary,age_main,NA,NA,NA,NA,NA,29,NA,NA,3.1091008602527457,2.446368280004573,3.7718334405009184
midpoint,ClockTime,dst,REML,midpoint_poly_interact_04_dst_REML.rds,primary,age_main,NA,NA,NA,NA,NA,30,NA,NA,3.119847786729568,2.521866063475932,3.717829509983204
midpoint,ClockTime,dst,REML,midpoint_poly_interact_04_dst_REML.rds,primary,age_main,NA,NA,NA,NA,NA,31,NA,NA,3.130216300634607,2.5909484586159697,3.669484142653244
midpoint,ClockTime,dst,REML,midpoint_poly_interact_04_dst_REML.rds,primary,age_main,NA,NA,NA,NA,NA,32,NA,NA,3.140165769473421,2.652692481768399,3.627639057178443
midpoint,ClockTime,dst,REML,midpoint_poly_interact_04_dst_REML.rds,primary,age_main,NA,NA,NA,NA,NA,33,NA,NA,3.149655560751567,2.706197886378366,3.5931132351247683
midpoint,ClockTime,dst,REML,midpoint_poly_interact_04_dst_REML.rds,primary,age_main,NA,NA,NA,NA,NA,34,NA,NA,3.158645041974603,2.7507248442328973,3.5665652397163083
midpoint,ClockTime,dst,REML,midpoint_poly_interact_04_dst_REML.rds,primary,age_main,NA,NA,NA,NA,NA,35,NA,NA,3.167093580648088,2.78589874825492,3.548288413041256
midpoint,ClockTime,dst,REML,midpoint_poly_interact_04_dst_REML.rds,primary,age_main,NA,NA,NA,NA,NA,36,NA,NA,3.1749605442775786,2.811926167957246,3.537994920597911
midpoint,ClockTime,dst,REML,midpoint_poly_interact_04_dst_REML.rds,primary,age_main,NA,NA,NA,NA,NA,37,NA,NA,3.1822053003686332,2.829707631325966,3.5347029694113004
midpoint,ClockTime,dst,REML,midpoint_poly_interact_04_dst_REML.rds,primary,age_main,NA,NA,NA,NA,NA,38,NA,NA,3.18878721642681,2.840762609761455,3.536811823092165
midpoint,ClockTime,dst,REML,midpoint_poly_interact_04_dst_REML.rds,primary,age_main,NA,NA,NA,NA,NA,39,NA,NA,3.1946656599576664,2.846973246535665,3.542358073379668
midpoint,ClockTime,dst,REML,midpoint_poly_interact_04_dst_REML.rds,primary,age_main,NA,NA,NA,NA,NA,40,NA,NA,3.1997999984667604,2.8502838051838446,3.5493161917496763
midpoint,ClockTime,dst,REML,midpoint_poly_interact_04_dst_REML.rds,primary,age_main,NA,NA,NA,NA,NA,41,NA,NA,3.20414959945965,2.852462412366279,3.555836786553021
midpoint,ClockTime,dst,REML,midpoint_poly_interact_04_dst_REML.rds,primary,age_main,NA,NA,NA,NA,NA,42,NA,NA,3.2076738304418937,2.8549770697673424,3.560370591116445
midpoint,ClockTime,dst,REML,midpoint_poly_interact_04_dst_REML.rds,primary,age_main,NA,NA,NA,NA,NA,43,NA,NA,3.210332058919048,2.8589483067389447,3.5617158110991514
midpoint,ClockTime,dst,REML,midpoint_poly_interact_04_dst_REML.rds,primary,age_main,NA,NA,NA,NA,NA,44,NA,NA,3.2120836523966716,2.86513630163463,3.5590310031587133
midpoint,ClockTime,dst,REML,midpoint_poly_interact_04_dst_REML.rds,primary,age_main,NA,NA,NA,NA,NA,45,NA,NA,3.2128989305034605,2.873849346511764,3.551948514495157
midpoint,ClockTime,dst,REML,midpoint_poly_interact_04_dst_REML.rds,primary,age_main,NA,NA,NA,NA,NA,46,NA,NA,3.2128267434031987,2.8844912460925363,3.541162240713861
midpoint,ClockTime,dst,REML,midpoint_poly_interact_04_dst_REML.rds,primary,age_main,NA,NA,NA,NA,NA,47,NA,NA,3.2119502165354823,2.8959322407496706,3.527968192321294
midpoint,ClockTime,dst,REML,midpoint_poly_interact_04_dst_REML.rds,primary,age_main,NA,NA,NA,NA,NA,48,NA,NA,3.2103526182052446,2.906829199946185,3.513876036464304
midpoint,ClockTime,dst,REML,midpoint_poly_interact_04_dst_REML.rds,primary,age_main,NA,NA,NA,NA,NA,49,NA,NA,3.208117216717419,2.915740337556022,3.500494095878816
midpoint,ClockTime,dst,REML,midpoint_poly_interact_04_dst_REML.rds,primary,age_main,NA,NA,NA,NA,NA,50,NA,NA,3.205327280376938,2.9212977343913344,3.489356826362542
midpoint,ClockTime,dst,REML,midpoint_poly_interact_04_dst_REML.rds,primary,age_main,NA,NA,NA,NA,NA,51,NA,NA,3.202066077488736,2.9224465136961513,3.481685641281321
midpoint,ClockTime,dst,REML,midpoint_poly_interact_04_dst_REML.rds,primary,age_main,NA,NA,NA,NA,NA,52,NA,NA,3.198416876357746,2.918698662139558,3.478135090575934
midpoint,ClockTime,dst,REML,midpoint_poly_interact_04_dst_REML.rds,primary,age_main,NA,NA,NA,NA,NA,53,NA,NA,3.194462945288902,2.91028638825678,3.4786395023210237
midpoint,ClockTime,dst,REML,midpoint_poly_interact_04_dst_REML.rds,primary,age_main,NA,NA,NA,NA,NA,54,NA,NA,3.1902875525871357,2.8981298037325764,3.482445301441695
midpoint,ClockTime,dst,REML,midpoint_poly_interact_04_dst_REML.rds,primary,age_main,NA,NA,NA,NA,NA,55,NA,NA,3.185973966557382,2.8836358211264614,3.4883121119883023
midpoint,ClockTime,dst,REML,midpoint_poly_interact_04_dst_REML.rds,primary,age_main,NA,NA,NA,NA,NA,56,NA,NA,3.1816044072327365,2.868429296961987,3.494779517503486
midpoint,ClockTime,dst,REML,midpoint_poly_interact_04_dst_REML.rds,primary,age_main,NA,NA,NA,NA,NA,57,NA,NA,3.177225400443663,2.853825865028268,3.500624935859058
midpoint,ClockTime,dst,REML,midpoint_poly_interact_04_dst_REML.rds,primary,age_main,NA,NA,NA,NA,NA,58,NA,NA,3.1728398344156368,2.840511684042928,3.5051679847883457
midpoint,ClockTime,dst,REML,midpoint_poly_interact_04_dst_REML.rds,primary,age_main,NA,NA,NA,NA,NA,59,NA,NA,3.168447940288264,2.828845213018225,3.508050667558303
midpoint,ClockTime,dst,REML,midpoint_poly_interact_04_dst_REML.rds,primary,age_main,NA,NA,NA,NA,NA,60,NA,NA,3.164049949201153,2.818953330722824,3.5091465676794824
midpoint,ClockTime,dst,REML,midpoint_poly_interact_04_dst_REML.rds,primary,age_main,NA,NA,NA,NA,NA,61,NA,NA,3.15964609229391,2.810785327336106,3.508506857251713
midpoint,ClockTime,dst,REML,midpoint_poly_interact_04_dst_REML.rds,primary,age_main,NA,NA,NA,NA,NA,62,NA,NA,3.155236600706141,2.804146869145906,3.506326332266376
midpoint,ClockTime,dst,REML,midpoint_poly_interact_04_dst_REML.rds,primary,age_main,NA,NA,NA,NA,NA,63,NA,NA,3.1508217055774557,2.798720461187557,3.5029229499673544
midpoint,ClockTime,dst,REML,midpoint_poly_interact_04_dst_REML.rds,primary,age_main,NA,NA,NA,NA,NA,64,NA,NA,3.14640163804746,2.7940788684767406,3.498724407618179
midpoint,ClockTime,dst,REML,midpoint_poly_interact_04_dst_REML.rds,primary,age_main,NA,NA,NA,NA,NA,65,NA,NA,3.1419766292557596,2.7896942518961008,3.4942590066154184
midpoint,ClockTime,dst,REML,midpoint_poly_interact_04_dst_REML.rds,primary,age_main,NA,NA,NA,NA,NA,66,NA,NA,3.137546910341963,2.78495122204668,3.490142598637246
midpoint,ClockTime,dst,REML,midpoint_poly_interact_04_dst_REML.rds,primary,age_main,NA,NA,NA,NA,NA,67,NA,NA,3.133112712445678,2.7791666801067687,3.4870587447845875
midpoint,ClockTime,dst,REML,midpoint_poly_interact_04_dst_REML.rds,primary,age_main,NA,NA,NA,NA,NA,68,NA,NA,3.1286742667065104,2.771619407798822,3.4857291256141987
midpoint,ClockTime,dst,REML,midpoint_poly_interact_04_dst_REML.rds,primary,age_main,NA,NA,NA,NA,NA,69,NA,NA,3.124231804264068,2.761597138884114,3.4868664696440224
midpoint,ClockTime,dst,REML,midpoint_poly_interact_04_dst_REML.rds,primary,age_main,NA,NA,NA,NA,NA,70,NA,NA,3.1197855562579573,2.7484494694000414,3.491121643115873
midpoint,ClockTime,dst,REML,midpoint_poly_interact_04_dst_REML.rds,primary,age_main,NA,NA,NA,NA,NA,71,NA,NA,3.115335753827786,2.7316456886884963,3.4990258189670755
midpoint,ClockTime,dst,REML,midpoint_poly_interact_04_dst_REML.rds,primary,age_main,NA,NA,NA,NA,NA,72,NA,NA,3.110882628113161,2.7108168091288207,3.5109484470975016
midpoint,ClockTime,dst,REML,midpoint_poly_interact_04_dst_REML.rds,primary,age_main,NA,NA,NA,NA,NA,73,NA,NA,3.106426410253689,2.6857753058620517,3.5270775146453266
midpoint,ClockTime,dst,REML,midpoint_poly_interact_04_dst_REML.rds,primary,age_main,NA,NA,NA,NA,NA,74,NA,NA,3.1019673313889786,2.6565100516315,3.547424611146458
midpoint,ClockTime,dst,REML,midpoint_poly_interact_04_dst_REML.rds,primary,age_main,NA,NA,NA,NA,NA,75,NA,NA,3.0975056226586344,2.623154727893468,3.5718565174238006
midpoint,ClockTime,dst,REML,midpoint_poly_interact_04_dst_REML.rds,primary,age_main,NA,NA,NA,NA,NA,76,NA,NA,3.093041515202266,2.5859520458979968,3.6001309845065355
midpoint,ClockTime,dst,REML,midpoint_poly_interact_04_dst_REML.rds,primary,age_main,NA,NA,NA,NA,NA,77,NA,NA,3.088575240159479,2.5452103230582828,3.6319401572606753
midpoint,ClockTime,dst,REML,midpoint_poly_interact_04_dst_REML.rds,primary,age_main,NA,NA,NA,NA,NA,78,NA,NA,3.084107028669881,2.5012730206724014,3.6669410366673607
midpoint,ClockTime,dst,REML,midpoint_poly_interact_04_dst_REML.rds,primary,age_main,NA,NA,NA,NA,NA,79,NA,NA,3.0796371118730788,2.4544934096958486,3.704780814050309
midpoint,ClockTime,dst,REML,midpoint_poly_interact_04_dst_REML.rds,primary,age_main,NA,NA,NA,NA,NA,80,NA,NA,3.0751657209086805,2.4052210204319193,3.7451104213854416
midpoint,ClockTime,dst,REML,midpoint_poly_interact_04_dst_REML.rds,primary,age_main,NA,NA,NA,NA,NA,81,NA,NA,3.0706930869162914,2.3537896466247292,3.7875965272078536
midpoint,ClockTime,dst,REML,midpoint_poly_interact_04_dst_REML.rds,primary,age_main,NA,NA,NA,NA,NA,82,NA,NA,3.0662194410355195,2.3005178047568107,3.831921077314228
midpoint,ClockTime,dst,REML,midpoint_poly_interact_04_dst_REML.rds,primary,age_main,NA,NA,NA,NA,NA,83,NA,NA,3.0617450144059735,2.2457043208047547,3.877785708007192
midpoint,ClockTime,dst,REML,midpoint_poly_interact_04_dst_REML.rds,primary,age_main,NA,NA,NA,NA,NA,84,NA,NA,3.0572700381672577,2.189629855258538,3.9249102210759776
midpoint,ClockTime,dst,REML,midpoint_poly_interact_04_dst_REML.rds,primary,age_main,NA,NA,NA,NA,NA,85,NA,NA,3.0527947434589815,2.1325612125542732,3.9730282743636898
offset,ClockTime,base,REML,offset_poly_interact_04_REML.rds,primary,age_main,NA,NA,NA,NA,NA,18,NA,NA,7.063932637158606,5.244770173820051,8.883095100497162
offset,ClockTime,base,REML,offset_poly_interact_04_REML.rds,primary,age_main,NA,NA,NA,NA,NA,19,NA,NA,7.056447389114895,5.341031973624852,8.77186280460494
offset,ClockTime,base,REML,offset_poly_interact_04_REML.rds,primary,age_main,NA,NA,NA,NA,NA,20,NA,NA,7.048962141071185,5.4368247190689685,8.661099563073403
offset,ClockTime,base,REML,offset_poly_interact_04_REML.rds,primary,age_main,NA,NA,NA,NA,NA,21,NA,NA,7.0414769703342115,5.532050876011988,8.550903064656435
offset,ClockTime,base,REML,offset_poly_interact_04_REML.rds,primary,age_main,NA,NA,NA,NA,NA,22,NA,NA,7.033997349393204,5.626473113465407,8.441521585321002
offset,ClockTime,base,REML,offset_poly_interact_04_REML.rds,primary,age_main,NA,NA,NA,NA,NA,23,NA,NA,7.026537580141438,5.7196437685636905,8.333431391719186
offset,ClockTime,base,REML,offset_poly_interact_04_REML.rds,primary,age_main,NA,NA,NA,NA,NA,24,NA,NA,7.019112781306157,5.811072316458894,8.22715324615342
offset,ClockTime,base,REML,offset_poly_interact_04_REML.rds,primary,age_main,NA,NA,NA,NA,NA,25,NA,NA,7.011738071614603,5.900239362993341,8.123236780235866
offset,ClockTime,base,REML,offset_poly_interact_04_REML.rds,primary,age_main,NA,NA,NA,NA,NA,26,NA,NA,7.004428569794019,5.986586841878951,8.022270297709087
offset,ClockTime,base,REML,offset_poly_interact_04_REML.rds,primary,age_main,NA,NA,NA,NA,NA,27,NA,NA,6.997199394571647,6.069506985572615,7.924891803570678
offset,ClockTime,base,REML,offset_poly_interact_04_REML.rds,primary,age_main,NA,NA,NA,NA,NA,28,NA,NA,6.990065664674732,6.148331701747242,7.831799627602221
offset,ClockTime,base,REML,offset_poly_interact_04_REML.rds,primary,age_main,NA,NA,NA,NA,NA,29,NA,NA,6.983042498830517,6.222316642692969,7.743768354968064
offset,ClockTime,base,REML,offset_poly_interact_04_REML.rds,primary,age_main,NA,NA,NA,NA,NA,30,NA,NA,6.976145015766242,6.290635202596824,7.661654828935661
offset,ClockTime,base,REML,offset_poly_interact_04_REML.rds,primary,age_main,NA,NA,NA,NA,NA,31,NA,NA,6.969388334209155,6.352371012110734,7.586405656307576
offset,ClockTime,base,REML,offset_poly_interact_04_REML.rds,primary,age_main,NA,NA,NA,NA,NA,32,NA,NA,6.962787572886496,6.406545674636461,7.519029471136531
offset,ClockTime,base,REML,offset_poly_interact_04_REML.rds,primary,age_main,NA,NA,NA,NA,NA,33,NA,NA,6.956357850525509,6.452183637967423,7.460532063083596
offset,ClockTime,base,REML,offset_poly_interact_04_REML.rds,primary,age_main,NA,NA,NA,NA,NA,34,NA,NA,6.950114285853437,6.488458104603533,7.411770467103341
offset,ClockTime,base,REML,offset_poly_interact_04_REML.rds,primary,age_main,NA,NA,NA,NA,NA,35,NA,NA,6.944071997597523,6.514914527992547,7.373229467202499
offset,ClockTime,base,REML,offset_poly_interact_04_REML.rds,primary,age_main,NA,NA,NA,NA,NA,36,NA,NA,6.938246104485011,6.531727722252121,7.344764486717901
offset,ClockTime,base,REML,offset_poly_interact_04_REML.rds,primary,age_main,NA,NA,NA,NA,NA,37,NA,NA,6.932651725243143,6.539869921897408,7.325433528588878
offset,ClockTime,base,REML,offset_poly_interact_04_REML.rds,primary,age_main,NA,NA,NA,NA,NA,38,NA,NA,6.927303978599163,6.5410603105743474,7.313547646623978
offset,ClockTime,base,REML,offset_poly_interact_04_REML.rds,primary,age_main,NA,NA,NA,NA,NA,39,NA,NA,6.922217983280312,6.5374984162766525,7.306937550283972
offset,ClockTime,base,REML,offset_poly_interact_04_REML.rds,primary,age_main,NA,NA,NA,NA,NA,40,NA,NA,6.917408858013836,6.5315018513297565,7.3033158646979155
offset,ClockTime,base,REML,offset_poly_interact_04_REML.rds,primary,age_main,NA,NA,NA,NA,NA,41,NA,NA,6.912891721526977,6.525213819887759,7.300569623166195
offset,ClockTime,base,REML,offset_poly_interact_04_REML.rds,primary,age_main,NA,NA,NA,NA,NA,42,NA,NA,6.908681692546978,6.520435686990742,7.296927698103214
offset,ClockTime,base,REML,offset_poly_interact_04_REML.rds,primary,age_main,NA,NA,NA,NA,NA,43,NA,NA,6.904793889801082,6.518561650012313,7.291026129589851
offset,ClockTime,base,REML,offset_poly_interact_04_REML.rds,primary,age_main,NA,NA,NA,NA,NA,44,NA,NA,6.901243432016532,6.520558890340755,7.281927973692309
offset,ClockTime,base,REML,offset_poly_interact_04_REML.rds,primary,age_main,NA,NA,NA,NA,NA,45,NA,NA,6.89803123578151,6.526830419171944,7.269232052391077
offset,ClockTime,base,REML,offset_poly_interact_04_REML.rds,primary,age_main,NA,NA,NA,NA,NA,46,NA,NA,6.895056383403684,6.536519698674932,7.253593068132436
offset,ClockTime,base,REML,offset_poly_interact_04_REML.rds,primary,age_main,NA,NA,NA,NA,NA,47,NA,NA,6.892173510810112,6.5480452320416624,7.236301789578562
offset,ClockTime,base,REML,offset_poly_interact_04_REML.rds,primary,age_main,NA,NA,NA,NA,NA,48,NA,NA,6.889237068667576,6.559553818353758,7.218920318981394
offset,ClockTime,base,REML,offset_poly_interact_04_REML.rds,primary,age_main,NA,NA,NA,NA,NA,49,NA,NA,6.886101507642857,6.569058232023502,7.2031447832622115
offset,ClockTime,base,REML,offset_poly_interact_04_REML.rds,primary,age_main,NA,NA,NA,NA,NA,50,NA,NA,6.882621278402735,6.574657946550287,7.190584610255183
offset,ClockTime,base,REML,offset_poly_interact_04_REML.rds,primary,age_main,NA,NA,NA,NA,NA,51,NA,NA,6.878650831613992,6.574852947494523,7.182448715733462
offset,ClockTime,base,REML,offset_poly_interact_04_REML.rds,primary,age_main,NA,NA,NA,NA,NA,52,NA,NA,6.874044617943411,6.5688735182639135,7.179215717622908
offset,ClockTime,base,REML,offset_poly_interact_04_REML.rds,primary,age_main,NA,NA,NA,NA,NA,53,NA,NA,6.86865708805777,6.556862498907567,7.180451677207973
offset,ClockTime,base,REML,offset_poly_interact_04_REML.rds,primary,age_main,NA,NA,NA,NA,NA,54,NA,NA,6.8623426926238515,6.539799310746062,7.184886074501641
offset,ClockTime,base,REML,offset_poly_interact_04_REML.rds,primary,age_main,NA,NA,NA,NA,NA,55,NA,NA,6.8549558823084356,6.5192110802195495,7.190700684397322
offset,ClockTime,base,REML,offset_poly_interact_04_REML.rds,primary,age_main,NA,NA,NA,NA,NA,56,NA,NA,6.8463534967293755,6.496834724218152,7.195872269240599
offset,ClockTime,base,REML,offset_poly_interact_04_REML.rds,primary,age_main,NA,NA,NA,NA,NA,57,NA,NA,6.836473720534063,6.4741042573498015,7.198843183718325
offset,ClockTime,base,REML,offset_poly_interact_04_REML.rds,primary,age_main,NA,NA,NA,NA,NA,58,NA,NA,6.82535418595537,6.451824195697891,7.198884176212849
offset,ClockTime,base,REML,offset_poly_interact_04_REML.rds,primary,age_main,NA,NA,NA,NA,NA,59,NA,NA,6.813038580571639,6.43042091635992,7.1956562447833585
offset,ClockTime,base,REML,offset_poly_interact_04_REML.rds,primary,age_main,NA,NA,NA,NA,NA,60,NA,NA,6.7995705919612135,6.4100536121475225,7.1890875717749045
offset,ClockTime,base,REML,offset_poly_interact_04_REML.rds,primary,age_main,NA,NA,NA,NA,NA,61,NA,NA,6.784993907702439,6.390678988376802,7.179308827028075
offset,ClockTime,base,REML,offset_poly_interact_04_REML.rds,primary,age_main,NA,NA,NA,NA,NA,62,NA,NA,6.769352215373654,6.372091556754483,7.1666128739928245
offset,ClockTime,base,REML,offset_poly_interact_04_REML.rds,primary,age_main,NA,NA,NA,NA,NA,63,NA,NA,6.7526892025532055,6.353945560230996,7.151432844875415
offset,ClockTime,base,REML,offset_poly_interact_04_REML.rds,primary,age_main,NA,NA,NA,NA,NA,64,NA,NA,6.735048556819438,6.335770303056179,7.134326810582696
offset,ClockTime,base,REML,offset_poly_interact_04_REML.rds,primary,age_main,NA,NA,NA,NA,NA,65,NA,NA,6.716473965750691,6.316980428523923,7.115967502977458
offset,ClockTime,base,REML,offset_poly_interact_04_REML.rds,primary,age_main,NA,NA,NA,NA,NA,66,NA,NA,6.697009116925312,6.296890341735449,7.097127892115174
offset,ClockTime,base,REML,offset_poly_interact_04_REML.rds,primary,age_main,NA,NA,NA,NA,NA,67,NA,NA,6.676697697921643,6.2747368147066025,7.078658581136684
offset,ClockTime,base,REML,offset_poly_interact_04_REML.rds,primary,age_main,NA,NA,NA,NA,NA,68,NA,NA,6.655583396318026,6.249716742892193,7.0614500497438595
offset,ClockTime,base,REML,offset_poly_interact_04_REML.rds,primary,age_main,NA,NA,NA,NA,NA,69,NA,NA,6.633709899692806,6.221040681968806,7.046379117416806
offset,ClockTime,base,REML,offset_poly_interact_04_REML.rds,primary,age_main,NA,NA,NA,NA,NA,70,NA,NA,6.611120895624326,6.187998790485528,7.034243000763125
offset,ClockTime,base,REML,offset_poly_interact_04_REML.rds,primary,age_main,NA,NA,NA,NA,NA,71,NA,NA,6.5878600716909315,6.150024834606991,7.025695308774872
offset,ClockTime,base,REML,offset_poly_interact_04_REML.rds,primary,age_main,NA,NA,NA,NA,NA,72,NA,NA,6.563971115470963,6.1067466195668825,7.0211956113750436
offset,ClockTime,base,REML,offset_poly_interact_04_REML.rds,primary,age_main,NA,NA,NA,NA,NA,73,NA,NA,6.539497714542764,6.058006223578303,7.020989205507226
offset,ClockTime,base,REML,offset_poly_interact_04_REML.rds,primary,age_main,NA,NA,NA,NA,NA,74,NA,NA,6.514483556484681,6.003849263090153,7.025117849879209
offset,ClockTime,base,REML,offset_poly_interact_04_REML.rds,primary,age_main,NA,NA,NA,NA,NA,75,NA,NA,6.488972328875054,5.944488432913196,7.033456224836912
offset,ClockTime,base,REML,offset_poly_interact_04_REML.rds,primary,age_main,NA,NA,NA,NA,NA,76,NA,NA,6.463007719292229,5.880256756557457,7.045758682027
offset,ClockTime,base,REML,offset_poly_interact_04_REML.rds,primary,age_main,NA,NA,NA,NA,NA,77,NA,NA,6.436633415314548,5.8115613298132365,7.061705500815859
offset,ClockTime,base,REML,offset_poly_interact_04_REML.rds,primary,age_main,NA,NA,NA,NA,NA,78,NA,NA,6.409893104520355,5.73884519553828,7.08094101350243
offset,ClockTime,base,REML,offset_poly_interact_04_REML.rds,primary,age_main,NA,NA,NA,NA,NA,79,NA,NA,6.382830474487994,5.662560853503579,7.103100095472409
offset,ClockTime,base,REML,offset_poly_interact_04_REML.rds,primary,age_main,NA,NA,NA,NA,NA,80,NA,NA,6.355489212795808,5.583152674235012,7.127825751356604
offset,ClockTime,base,REML,offset_poly_interact_04_REML.rds,primary,age_main,NA,NA,NA,NA,NA,81,NA,NA,6.327913007022139,5.501048855307835,7.154777158736443
offset,ClockTime,base,REML,offset_poly_interact_04_REML.rds,primary,age_main,NA,NA,NA,NA,NA,82,NA,NA,6.300145544745333,5.4166566267054534,7.1836344627852124
offset,ClockTime,base,REML,offset_poly_interact_04_REML.rds,primary,age_main,NA,NA,NA,NA,NA,83,NA,NA,6.272230513543732,5.330362282086591,7.214098745000874
offset,ClockTime,base,REML,offset_poly_interact_04_REML.rds,primary,age_main,NA,NA,NA,NA,NA,84,NA,NA,6.244211600995681,5.242530918599654,7.245892283391708
offset,ClockTime,base,REML,offset_poly_interact_04_REML.rds,primary,age_main,NA,NA,NA,NA,NA,85,NA,NA,6.21613249467952,5.153509762202444,7.278755227156595
offset,ClockTime,dst,REML,offset_poly_interact_04_dst_REML.rds,primary,age_main,NA,NA,NA,NA,NA,18,NA,NA,7.059796132468,5.222353917673662,8.897238347262338
offset,ClockTime,dst,REML,offset_poly_interact_04_dst_REML.rds,primary,age_main,NA,NA,NA,NA,NA,19,NA,NA,7.048636716985728,5.316189137465289,8.781084296506165
offset,ClockTime,dst,REML,offset_poly_interact_04_dst_REML.rds,primary,age_main,NA,NA,NA,NA,NA,20,NA,NA,7.037477301503453,5.409525536983988,8.665429066022918
offset,ClockTime,dst,REML,offset_poly_interact_04_dst_REML.rds,primary,age_main,NA,NA,NA,NA,NA,21,NA,NA,7.026318066533309,5.502256078601375,8.550380054465244
offset,ClockTime,dst,REML,offset_poly_interact_04_dst_REML.rds,primary,age_main,NA,NA,NA,NA,NA,22,NA,NA,7.015171790401384,5.594142311213384,8.436201269589384
offset,ClockTime,dst,REML,offset_poly_interact_04_dst_REML.rds,primary,age_main,NA,NA,NA,NA,NA,23,NA,NA,7.004071868195031,5.684741452927845,8.323402283462217
offset,ClockTime,dst,REML,offset_poly_interact_04_dst_REML.rds,primary,age_main,NA,NA,NA,NA,NA,24,NA,NA,6.9930536023184375,5.773567524327588,8.212539680309288
offset,ClockTime,dst,REML,offset_poly_interact_04_dst_REML.rds,primary,age_main,NA,NA,NA,NA,NA,25,NA,NA,6.98215229517579,5.860103884235367,8.104200706116211
offset,ClockTime,dst,REML,offset_poly_interact_04_dst_REML.rds,primary,age_main,NA,NA,NA,NA,NA,26,NA,NA,6.9714032491712725,5.943789412000358,7.999017086342187
offset,ClockTime,dst,REML,offset_poly_interact_04_dst_REML.rds,primary,age_main,NA,NA,NA,NA,NA,27,NA,NA,6.960841766709078,6.024009434550678,7.897674098867478
offset,ClockTime,dst,REML,offset_poly_interact_04_dst_REML.rds,primary,age_main,NA,NA,NA,NA,NA,28,NA,NA,6.950503150193389,6.100086546949643,7.800919753437134
offset,ClockTime,dst,REML,offset_poly_interact_04_dst_REML.rds,primary,age_main,NA,NA,NA,NA,NA,29,NA,NA,6.9404227020283935,6.171260468564309,7.709584935492478
offset,ClockTime,dst,REML,offset_poly_interact_04_dst_REML.rds,primary,age_main,NA,NA,NA,NA,NA,30,NA,NA,6.930635724618279,6.236683949121415,7.624587500115142
offset,ClockTime,dst,REML,offset_poly_interact_04_dst_REML.rds,primary,age_main,NA,NA,NA,NA,NA,31,NA,NA,6.921177520367233,6.295421524299326,7.54693351643514
offset,ClockTime,dst,REML,offset_poly_interact_04_dst_REML.rds,primary,age_main,NA,NA,NA,NA,NA,32,NA,NA,6.912083391679443,6.346481472102701,7.477685311256184
offset,ClockTime,dst,REML,offset_poly_interact_04_dst_REML.rds,primary,age_main,NA,NA,NA,NA,NA,33,NA,NA,6.9033886409590925,6.388899695645695,7.41787758627249
offset,ClockTime,dst,REML,offset_poly_interact_04_dst_REML.rds,primary,age_main,NA,NA,NA,NA,NA,34,NA,NA,6.895128570610372,6.421896326916973,7.368360814303771
offset,ClockTime,dst,REML,offset_poly_interact_04_dst_REML.rds,primary,age_main,NA,NA,NA,NA,NA,35,NA,NA,6.887338483037466,6.445118697677129,7.329558268397802
offset,ClockTime,dst,REML,offset_poly_interact_04_dst_REML.rds,primary,age_main,NA,NA,NA,NA,NA,36,NA,NA,6.880053680644565,6.458887709161121,7.301219652128009
offset,ClockTime,dst,REML,offset_poly_interact_04_dst_REML.rds,primary,age_main,NA,NA,NA,NA,NA,37,NA,NA,6.8733094658358524,6.464336829416099,7.282282102255606
offset,ClockTime,dst,REML,offset_poly_interact_04_dst_REML.rds,primary,age_main,NA,NA,NA,NA,NA,38,NA,NA,6.867141141015517,6.463316269969675,7.270966012061359
offset,ClockTime,dst,REML,offset_poly_interact_04_dst_REML.rds,primary,age_main,NA,NA,NA,NA,NA,39,NA,NA,6.861584008587745,6.458100495480401,7.26506752169509
offset,ClockTime,dst,REML,offset_poly_interact_04_dst_REML.rds,primary,age_main,NA,NA,NA,NA,NA,40,NA,NA,6.856673370956725,6.451033242035518,7.262313499877932
offset,ClockTime,dst,REML,offset_poly_interact_04_dst_REML.rds,primary,age_main,NA,NA,NA,NA,NA,41,NA,NA,6.852444530526643,6.44425224601257,7.260636815040717
offset,ClockTime,dst,REML,offset_poly_interact_04_dst_REML.rds,primary,age_main,NA,NA,NA,NA,NA,42,NA,NA,6.848932789701685,6.439546649114559,7.258318930288811
offset,ClockTime,dst,REML,offset_poly_interact_04_dst_REML.rds,primary,age_main,NA,NA,NA,NA,NA,43,NA,NA,6.846173450886039,6.438299987765852,7.254046914006226
offset,ClockTime,dst,REML,offset_poly_interact_04_dst_REML.rds,primary,age_main,NA,NA,NA,NA,NA,44,NA,NA,6.844201816483892,6.441477934729778,7.246925698238006
offset,ClockTime,dst,REML,offset_poly_interact_04_dst_REML.rds,primary,age_main,NA,NA,NA,NA,NA,45,NA,NA,6.843031184944873,6.449485818506122,7.236576551383624
offset,ClockTime,dst,REML,offset_poly_interact_04_dst_REML.rds,primary,age_main,NA,NA,NA,NA,NA,46,NA,NA,6.842517078705338,6.461428780257977,7.223605377152699
offset,ClockTime,dst,REML,offset_poly_interact_04_dst_REML.rds,primary,age_main,NA,NA,NA,NA,NA,47,NA,NA,6.842446157607434,6.475682976432959,7.209209338781908
offset,ClockTime,dst,REML,offset_poly_interact_04_dst_REML.rds,primary,age_main,NA,NA,NA,NA,NA,48,NA,NA,6.842604794461979,6.4903755919864174,7.19483399693754
offset,ClockTime,dst,REML,offset_poly_interact_04_dst_REML.rds,primary,age_main,NA,NA,NA,NA,NA,49,NA,NA,6.842779362079794,6.503519142391134,7.1820395817684535
offset,ClockTime,dst,REML,offset_poly_interact_04_dst_REML.rds,primary,age_main,NA,NA,NA,NA,NA,50,NA,NA,6.842756233271699,6.513210950541891,7.172301516001507
offset,ClockTime,dst,REML,offset_poly_interact_04_dst_REML.rds,primary,age_main,NA,NA,NA,NA,NA,51,NA,NA,6.842321780848516,6.51791222861167,7.1667313330853615
offset,ClockTime,dst,REML,offset_poly_interact_04_dst_REML.rds,primary,age_main,NA,NA,NA,NA,NA,52,NA,NA,6.841262377621064,6.516742776291781,7.1657819789503465
offset,ClockTime,dst,REML,offset_poly_interact_04_dst_REML.rds,primary,age_main,NA,NA,NA,NA,NA,53,NA,NA,6.839364396400163,6.509662533624378,7.169066259175948
offset,ClockTime,dst,REML,offset_poly_interact_04_dst_REML.rds,primary,age_main,NA,NA,NA,NA,NA,54,NA,NA,6.8364142099966365,6.49743202492088,7.175396395072393
offset,ClockTime,dst,REML,offset_poly_interact_04_dst_REML.rds,primary,age_main,NA,NA,NA,NA,NA,55,NA,NA,6.832198191221301,6.481377624306105,7.183018758136497
offset,ClockTime,dst,REML,offset_poly_interact_04_dst_REML.rds,primary,age_main,NA,NA,NA,NA,NA,56,NA,NA,6.82650608866995,6.463083518220735,7.189928659119165
offset,ClockTime,dst,REML,offset_poly_interact_04_dst_REML.rds,primary,age_main,NA,NA,NA,NA,NA,57,NA,NA,6.819242598176755,6.4439319715435905,7.19455322480992
offset,ClockTime,dst,REML,offset_poly_interact_04_dst_REML.rds,primary,age_main,NA,NA,NA,NA,NA,58,NA,NA,6.8104529432194125,6.4247619227630866,7.1961439636757385
offset,ClockTime,dst,REML,offset_poly_interact_04_dst_REML.rds,primary,age_main,NA,NA,NA,NA,NA,59,NA,NA,6.800190903978385,6.406043583029599,7.194338224927171
offset,ClockTime,dst,REML,offset_poly_interact_04_dst_REML.rds,primary,age_main,NA,NA,NA,NA,NA,60,NA,NA,6.788510260634142,6.387979960079866,7.189040561188419
offset,ClockTime,dst,REML,offset_poly_interact_04_dst_REML.rds,primary,age_main,NA,NA,NA,NA,NA,61,NA,NA,6.7754647933671475,6.370565179064254,7.180364407670041
offset,ClockTime,dst,REML,offset_poly_interact_04_dst_REML.rds,primary,age_main,NA,NA,NA,NA,NA,62,NA,NA,6.761108282357869,6.3536270083946524,7.168589556321085
offset,ClockTime,dst,REML,offset_poly_interact_04_dst_REML.rds,primary,age_main,NA,NA,NA,NA,NA,63,NA,NA,6.745494507786772,6.336851902405781,7.154137113167763
offset,ClockTime,dst,REML,offset_poly_interact_04_dst_REML.rds,primary,age_main,NA,NA,NA,NA,NA,64,NA,NA,6.7286772498343215,6.319795462447131,7.137559037221512
offset,ClockTime,dst,REML,offset_poly_interact_04_dst_REML.rds,primary,age_main,NA,NA,NA,NA,NA,65,NA,NA,6.710710288680984,6.301899419038318,7.119521158323649
offset,ClockTime,dst,REML,offset_poly_interact_04_dst_REML.rds,primary,age_main,NA,NA,NA,NA,NA,66,NA,NA,6.691647404507227,6.28250237507698,7.100792433937475
offset,ClockTime,dst,REML,offset_poly_interact_04_dst_REML.rds,primary,age_main,NA,NA,NA,NA,NA,67,NA,NA,6.671542377493515,6.260863462969656,7.082221292017374
offset,ClockTime,dst,REML,offset_poly_interact_04_dst_REML.rds,primary,age_main,NA,NA,NA,NA,NA,68,NA,NA,6.6504489878203135,6.236197464978287,7.06470051066234
offset,ClockTime,dst,REML,offset_poly_interact_04_dst_REML.rds,primary,age_main,NA,NA,NA,NA,NA,69,NA,NA,6.628421015668092,6.207729583576773,7.049112447759411
offset,ClockTime,dst,REML,offset_poly_interact_04_dst_REML.rds,primary,age_main,NA,NA,NA,NA,NA,70,NA,NA,6.605512241217312,6.1747561956006924,7.0362682868339315
offset,ClockTime,dst,REML,offset_poly_interact_04_dst_REML.rds,primary,age_main,NA,NA,NA,NA,NA,71,NA,NA,6.581776444648441,6.13671289051436,7.026839998782522
offset,ClockTime,dst,REML,offset_poly_interact_04_dst_REML.rds,primary,age_main,NA,NA,NA,NA,NA,72,NA,NA,6.557267406141947,6.093222600153288,7.021312212130606
offset,ClockTime,dst,REML,offset_poly_interact_04_dst_REML.rds,primary,age_main,NA,NA,NA,NA,NA,73,NA,NA,6.532038905878294,6.044120781196396,7.019957030560192
offset,ClockTime,dst,REML,offset_poly_interact_04_dst_REML.rds,primary,age_main,NA,NA,NA,NA,NA,74,NA,NA,6.506144724037949,5.989446540355117,7.02284290772078
offset,ClockTime,dst,REML,offset_poly_interact_04_dst_REML.rds,primary,age_main,NA,NA,NA,NA,NA,75,NA,NA,6.479638640801377,5.929410051186383,7.029867230416371
offset,ClockTime,dst,REML,offset_poly_interact_04_dst_REML.rds,primary,age_main,NA,NA,NA,NA,NA,76,NA,NA,6.452574436349044,5.864345584617572,7.040803288080516
offset,ClockTime,dst,REML,offset_poly_interact_04_dst_REML.rds,primary,age_main,NA,NA,NA,NA,NA,77,NA,NA,6.425005890861418,5.794666446229545,7.055345335493291
offset,ClockTime,dst,REML,offset_poly_interact_04_dst_REML.rds,primary,age_main,NA,NA,NA,NA,NA,78,NA,NA,6.396986784518964,5.720825109184089,7.073148459853838
offset,ClockTime,dst,REML,offset_poly_interact_04_dst_REML.rds,primary,age_main,NA,NA,NA,NA,NA,79,NA,NA,6.3685708975021464,5.643286634625422,7.093855160378871
offset,ClockTime,dst,REML,offset_poly_interact_04_dst_REML.rds,primary,age_main,NA,NA,NA,NA,NA,80,NA,NA,6.339812009991433,5.562509606141335,7.117114413841531
offset,ClockTime,dst,REML,offset_poly_interact_04_dst_REML.rds,primary,age_main,NA,NA,NA,NA,NA,81,NA,NA,6.31076390216729,5.478936946721047,7.142590857613532
offset,ClockTime,dst,REML,offset_poly_interact_04_dst_REML.rds,primary,age_main,NA,NA,NA,NA,NA,82,NA,NA,6.281480354210182,5.3929917162860574,7.169968992134307
offset,ClockTime,dst,REML,offset_poly_interact_04_dst_REML.rds,primary,age_main,NA,NA,NA,NA,NA,83,NA,NA,6.252015146300576,5.305074916099957,7.198955376501195
offset,ClockTime,dst,REML,offset_poly_interact_04_dst_REML.rds,primary,age_main,NA,NA,NA,NA,NA,84,NA,NA,6.222422058618937,5.215567108150546,7.229277009087328
offset,ClockTime,dst,REML,offset_poly_interact_04_dst_REML.rds,primary,age_main,NA,NA,NA,NA,NA,85,NA,NA,6.192754871345733,5.124830001395752,7.260679741295714
onset,ClockTime,base,REML,onset_poly_interact_04_REML.rds,primary,age_main,NA,NA,NA,NA,NA,18,NA,NA,-1.0475367722887488,-2.504688040431189,0.40961449585369114
onset,ClockTime,base,REML,onset_poly_interact_04_REML.rds,primary,age_main,NA,NA,NA,NA,NA,19,NA,NA,-1.0088240386804506,-2.3829203086127704,0.3652722312518695
onset,ClockTime,base,REML,onset_poly_interact_04_REML.rds,primary,age_main,NA,NA,NA,NA,NA,20,NA,NA,-0.970111305072152,-2.2615288340095963,0.32130622386529206
onset,ClockTime,base,REML,onset_poly_interact_04_REML.rds,primary,age_main,NA,NA,NA,NA,NA,21,NA,NA,-0.9313992732180916,-2.140592825822146,0.2777942793859629
onset,ClockTime,base,REML,onset_poly_interact_04_REML.rds,primary,age_main,NA,NA,NA,NA,NA,22,NA,NA,-0.8927376198049732,-2.0203565574313904,0.23488131782144417
onset,ClockTime,base,REML,onset_poly_interact_04_REML.rds,primary,age_main,NA,NA,NA,NA,NA,23,NA,NA,-0.8542561707020185,-1.9013199559843343,0.19280761458029735
onset,ClockTime,base,REML,onset_poly_interact_04_REML.rds,primary,age_main,NA,NA,NA,NA,NA,24,NA,NA,-0.8160921666135512,-1.7840240649407706,0.15183973171366816
onset,ClockTime,base,REML,onset_poly_interact_04_REML.rds,primary,age_main,NA,NA,NA,NA,NA,25,NA,NA,-0.7783828482438944,-1.6690343579248603,0.11226866143707148
onset,ClockTime,base,REML,onset_poly_interact_04_REML.rds,primary,age_main,NA,NA,NA,NA,NA,26,NA,NA,-0.7412654562973721,-1.556947169749476,0.07441625715473177
onset,ClockTime,base,REML,onset_poly_interact_04_REML.rds,primary,age_main,NA,NA,NA,NA,NA,27,NA,NA,-0.7048772314783077,-1.4483979492636123,0.03864348630699721
onset,ClockTime,base,REML,onset_poly_interact_04_REML.rds,primary,age_main,NA,NA,NA,NA,NA,28,NA,NA,-0.6693554144910248,-1.344070936127299,0.00536010714524948
onset,ClockTime,base,REML,onset_poly_interact_04_REML.rds,primary,age_main,NA,NA,NA,NA,NA,29,NA,NA,-0.6348372460398467,-1.2447095093673215,-0.02496498271237168
onset,ClockTime,base,REML,onset_poly_interact_04_REML.rds,primary,age_main,NA,NA,NA,NA,NA,30,NA,NA,-0.6014599668290972,-1.1511250719293264,-0.05179486172886805
onset,ClockTime,base,REML,onset_poly_interact_04_REML.rds,primary,age_main,NA,NA,NA,NA,NA,31,NA,NA,-0.5693608175630999,-1.0641976698642397,-0.07452396526196031
onset,ClockTime,base,REML,onset_poly_interact_04_REML.rds,primary,age_main,NA,NA,NA,NA,NA,32,NA,NA,-0.5386770389461781,-0.9848584116992892,-0.09249566619306691
onset,ClockTime,base,REML,onset_poly_interact_04_REML.rds,primary,age_main,NA,NA,NA,NA,NA,33,NA,NA,-0.5095458716826557,-0.914033769955554,-0.1050579734097577
onset,ClockTime,base,REML,onset_poly_interact_04_REML.rds,primary,age_main,NA,NA,NA,NA,NA,34,NA,NA,-0.4821045564768561,-0.8525317901064702,-0.11167732284724212
onset,ClockTime,base,REML,onset_poly_interact_04_REML.rds,primary,age_main,NA,NA,NA,NA,NA,35,NA,NA,-0.45649033403310263,-0.8008631225131713,-0.11211754555303394
onset,ClockTime,base,REML,onset_poly_interact_04_REML.rds,primary,age_main,NA,NA,NA,NA,NA,36,NA,NA,-0.4328404450557191,-0.7590369422555772,-0.10664394785586112
onset,ClockTime,base,REML,onset_poly_interact_04_REML.rds,primary,age_main,NA,NA,NA,NA,NA,37,NA,NA,-0.41129213024902905,-0.7264283094791364,-0.09615595101892171
onset,ClockTime,base,REML,onset_poly_interact_04_REML.rds,primary,age_main,NA,NA,NA,NA,NA,38,NA,NA,-0.39198263031735586,-0.7018157195921025,-0.08214954104260919
onset,ClockTime,base,REML,onset_poly_interact_04_REML.rds,primary,age_main,NA,NA,NA,NA,NA,39,NA,NA,-0.3750491859650232,-0.6835954529838494,-0.06650291894619709
onset,ClockTime,base,REML,onset_poly_interact_04_REML.rds,primary,age_main,NA,NA,NA,NA,NA,40,NA,NA,-0.3606290378963544,-0.6700667134035944,-0.05119136238911448
onset,ClockTime,base,REML,onset_poly_interact_04_REML.rds,primary,age_main,NA,NA,NA,NA,NA,41,NA,NA,-0.34885942681567367,-0.6596666129888696,-0.0380522406424777
onset,ClockTime,base,REML,onset_poly_interact_04_REML.rds,primary,age_main,NA,NA,NA,NA,NA,42,NA,NA,-0.3398775934273038,-0.6511041943066143,-0.0286509925479933
onset,ClockTime,base,REML,onset_poly_interact_04_REML.rds,primary,age_main,NA,NA,NA,NA,NA,43,NA,NA,-0.33382077843556857,-0.6434131710481115,-0.02422838582302572
onset,ClockTime,base,REML,onset_poly_interact_04_REML.rds,primary,age_main,NA,NA,NA,NA,NA,44,NA,NA,-0.3308262225447919,-0.6359684333318005,-0.02568401175778323
onset,ClockTime,base,REML,onset_poly_interact_04_REML.rds,primary,age_main,NA,NA,NA,NA,NA,45,NA,NA,-0.3309787306015556,-0.6285327685289577,-0.03342469267415343
onset,ClockTime,base,REML,onset_poly_interact_04_REML.rds,primary,age_main,NA,NA,NA,NA,NA,46,NA,NA,-0.33398712410067816,-0.621418176688346,-0.04655607151301028
onset,ClockTime,base,REML,onset_poly_interact_04_REML.rds,primary,age_main,NA,NA,NA,NA,NA,47,NA,NA,-0.3393961236166478,-0.6153165807400856,-0.06347566649321007
onset,ClockTime,base,REML,onset_poly_interact_04_REML.rds,primary,age_main,NA,NA,NA,NA,NA,48,NA,NA,-0.3467497657226483,-0.611136202407705,-0.08236332903759158
onset,ClockTime,base,REML,onset_poly_interact_04_REML.rds,primary,age_main,NA,NA,NA,NA,NA,49,NA,NA,-0.35559208699186284,-0.6098909672698992,-0.10129320671382648
onset,ClockTime,base,REML,onset_poly_interact_04_REML.rds,primary,age_main,NA,NA,NA,NA,NA,50,NA,NA,-0.3654671239974744,-0.6125247113206044,-0.11840953667434448
onset,ClockTime,base,REML,onset_poly_interact_04_REML.rds,primary,age_main,NA,NA,NA,NA,NA,51,NA,NA,-0.3759189133126666,-0.6196605841594938,-0.1321772424658394
onset,ClockTime,base,REML,onset_poly_interact_04_REML.rds,primary,age_main,NA,NA,NA,NA,NA,52,NA,NA,-0.3864914915106228,-0.6313391881755173,-0.14164379484572823
onset,ClockTime,base,REML,onset_poly_interact_04_REML.rds,primary,age_main,NA,NA,NA,NA,NA,53,NA,NA,-0.3967288951645261,-0.6468733027082869,-0.1465844876207653
onset,ClockTime,base,REML,onset_poly_interact_04_REML.rds,primary,age_main,NA,NA,NA,NA,NA,54,NA,NA,-0.4061751608475597,-0.6649096894893598,-0.1474406322057597
onset,ClockTime,base,REML,onset_poly_interact_04_REML.rds,primary,age_main,NA,NA,NA,NA,NA,55,NA,NA,-0.414374325132907,-0.6836572848531928,-0.14509136541262124
onset,ClockTime,base,REML,onset_poly_interact_04_REML.rds,primary,age_main,NA,NA,NA,NA,NA,56,NA,NA,-0.4208770136073217,-0.7011664310226354,-0.140587596192008
onset,ClockTime,base,REML,onset_poly_interact_04_REML.rds,primary,age_main,NA,NA,NA,NA,NA,57,NA,NA,-0.42545821120515154,-0.7160178219010969,-0.1348986005092062
onset,ClockTime,base,REML,onset_poly_interact_04_REML.rds,primary,age_main,NA,NA,NA,NA,NA,58,NA,NA,-0.4281671912287246,-0.7276485223224176,-0.12868586013503164
onset,ClockTime,base,REML,onset_poly_interact_04_REML.rds,primary,age_main,NA,NA,NA,NA,NA,59,NA,NA,-0.4290699283494353,-0.7358191548333808,-0.12232070186548975
onset,ClockTime,base,REML,onset_poly_interact_04_REML.rds,primary,age_main,NA,NA,NA,NA,NA,60,NA,NA,-0.4282323972386766,-0.740503849492972,-0.11596094498438124
onset,ClockTime,base,REML,onset_poly_interact_04_REML.rds,primary,age_main,NA,NA,NA,NA,NA,61,NA,NA,-0.4257205725678432,-0.7418386420882794,-0.10960250304740692
onset,ClockTime,base,REML,onset_poly_interact_04_REML.rds,primary,age_main,NA,NA,NA,NA,NA,62,NA,NA,-0.4216004290083285,-0.7400899532195763,-0.10311090479708074
onset,ClockTime,base,REML,onset_poly_interact_04_REML.rds,primary,age_main,NA,NA,NA,NA,NA,63,NA,NA,-0.4159379412315262,-0.7356356751236347,-0.09624020733941774
onset,ClockTime,base,REML,onset_poly_interact_04_REML.rds,primary,age_main,NA,NA,NA,NA,NA,64,NA,NA,-0.4087990839088305,-0.728954146721815,-0.08864402109584602
onset,ClockTime,base,REML,onset_poly_interact_04_REML.rds,primary,age_main,NA,NA,NA,NA,NA,65,NA,NA,-0.4002498317116353,-0.7206150832845697,-0.07988458013870092
onset,ClockTime,base,REML,onset_poly_interact_04_REML.rds,primary,age_main,NA,NA,NA,NA,NA,66,NA,NA,-0.39035615931133416,-0.7112683605346813,-0.06944395808798698
onset,ClockTime,base,REML,onset_poly_interact_04_REML.rds,primary,age_main,NA,NA,NA,NA,NA,67,NA,NA,-0.379184041379321,-0.7016251494218209,-0.05674293333682118
onset,ClockTime,base,REML,onset_poly_interact_04_REML.rds,primary,age_main,NA,NA,NA,NA,NA,68,NA,NA,-0.3667994525869899,-0.6924279394294139,-0.04117096574456597
onset,ClockTime,base,REML,onset_poly_interact_04_REML.rds,primary,age_main,NA,NA,NA,NA,NA,69,NA,NA,-0.35326836760573427,-0.6844075543951893,-0.02212918081627929
onset,ClockTime,base,REML,onset_poly_interact_04_REML.rds,primary,age_main,NA,NA,NA,NA,NA,70,NA,NA,-0.3386567611069483,-0.6782311640362552,9.176418223585392e-4
onset,ClockTime,base,REML,onset_poly_interact_04_REML.rds,primary,age_main,NA,NA,NA,NA,NA,71,NA,NA,-0.3230306077620257,-0.6744502209642883,0.02838900544023692
onset,ClockTime,base,REML,onset_poly_interact_04_REML.rds,primary,age_main,NA,NA,NA,NA,NA,72,NA,NA,-0.3064558822423604,-0.6734615769599166,0.06054981247519575
onset,ClockTime,base,REML,onset_poly_interact_04_REML.rds,primary,age_main,NA,NA,NA,NA,NA,73,NA,NA,-0.2889985592193462,-0.6754909571013051,0.09749383866261274
onset,ClockTime,base,REML,onset_poly_interact_04_REML.rds,primary,age_main,NA,NA,NA,NA,NA,74,NA,NA,-0.27072461336437714,-0.6806021999396226,0.13915297321086822
onset,ClockTime,base,REML,onset_poly_interact_04_REML.rds,primary,age_main,NA,NA,NA,NA,NA,75,NA,NA,-0.25170001934884656,-0.6887258330859303,0.1853257943882371
onset,ClockTime,base,REML,onset_poly_interact_04_REML.rds,primary,age_main,NA,NA,NA,NA,NA,76,NA,NA,-0.2319907518441487,-0.6996966349588771,0.2357151312705798
onset,ClockTime,base,REML,onset_poly_interact_04_REML.rds,primary,age_main,NA,NA,NA,NA,NA,77,NA,NA,-0.21166278552167744,-0.7132905087037222,0.2899649376603674
onset,ClockTime,base,REML,onset_poly_interact_04_REML.rds,primary,age_main,NA,NA,NA,NA,NA,78,NA,NA,-0.19078209505282623,-0.72925453155670406,0.34769034145105154
onset,ClockTime,base,REML,onset_poly_interact_04_REML.rds,primary,age_main,NA,NA,NA,NA,NA,79,NA,NA,-0.1694146551089896,-0.7473283298859409,0.40849901966796176
onset,ClockTime,base,REML,onset_poly_interact_04_REML.rds,primary,age_main,NA,NA,NA,NA,NA,80,NA,NA,-0.14762644036156086,-0.7672574962590155,0.47200461553589373
onset,ClockTime,base,REML,onset_poly_interact_04_REML.rds,primary,age_main,NA,NA,NA,NA,NA,81,NA,NA,-0.1254834254819339,-0.7888009056152522,0.5378340546513843
onset,ClockTime,base,REML,onset_poly_interact_04_REML.rds,primary,age_main,NA,NA,NA,NA,NA,82,NA,NA,-0.10305158514150284,-0.8117338058974296,0.605630635614424
onset,ClockTime,base,REML,onset_poly_interact_04_REML.rds,primary,age_main,NA,NA,NA,NA,NA,83,NA,NA,-0.08039689401166117,-0.8358485426289588,0.6750547546056365
onset,ClockTime,base,REML,onset_poly_interact_04_REML.rds,primary,age_main,NA,NA,NA,NA,NA,84,NA,NA,-0.05758532676380318,-0.8609536399040341,0.7457829863764276
onset,ClockTime,base,REML,onset_poly_interact_04_REML.rds,primary,age_main,NA,NA,NA,NA,NA,85,NA,NA,-0.03468285806932197,-0.8868724930310035,0.8175067768923596
onset,ClockTime,dst,REML,onset_poly_interact_04_dst_REML.rds,primary,age_main,NA,NA,NA,NA,NA,18,NA,NA,-1.0615319667350127,-2.5252295145122705,0.4021655810422453
onset,ClockTime,dst,REML,onset_poly_interact_04_dst_REML.rds,primary,age_main,NA,NA,NA,NA,NA,19,NA,NA,-1.027366854235325,-2.407469484051944,0.35273577558129454
onset,ClockTime,dst,REML,onset_poly_interact_04_dst_REML.rds,primary,age_main,NA,NA,NA,NA,NA,20,NA,NA,-0.9932017417356374,-2.2901086099163543,0.30370512644507963
onset,ClockTime,dst,REML,onset_poly_interact_04_dst_REML.rds,primary,age_main,NA,NA,NA,NA,NA,21,NA,NA,-0.9590372098534125,-2.1732309371806897,0.2551565174738649
onset,ClockTime,dst,REML,onset_poly_interact_04_dst_REML.rds,primary,age_main,NA,NA,NA,NA,NA,22,NA,NA,-0.92491436008862,-2.05707885876382,0.20725013858658017
onset,ClockTime,dst,REML,onset_poly_interact_04_dst_REML.rds,primary,age_main,NA,NA,NA,NA,NA,23,NA,NA,-0.8909406077765794,-1.942138564855498,0.16025734930233937
onset,ClockTime,dst,REML,onset_poly_interact_04_dst_REML.rds,primary,age_main,NA,NA,NA,NA,NA,24,NA,NA,-0.8572295031393131,-1.8289378574925867,0.11447885121396052
onset,ClockTime,dst,REML,onset_poly_interact_04_dst_REML.rds,primary,age_main,NA,NA,NA,NA,NA,25,NA,NA,-0.8238945963988438,-1.718030987438143,0.07024179464045543
onset,ClockTime,dst,REML,onset_poly_interact_04_dst_REML.rds,primary,age_main,NA,NA,NA,NA,NA,26,NA,NA,-0.7910494377771942,-1.6100056736227222,0.02790679806833396
onset,ClockTime,dst,REML,onset_poly_interact_04_dst_REML.rds,primary,age_main,NA,NA,NA,NA,NA,27,NA,NA,-0.7588075774963867,-1.5054918346729518,-0.01212332031982177
onset,ClockTime,dst,REML,onset_poly_interact_04_dst_REML.rds,primary,age_main,NA,NA,NA,NA,NA,28,NA,NA,-0.727282565778444,-1.4051715773418292,-0.04939355421505886
onset,ClockTime,dst,REML,onset_poly_interact_04_dst_REML.rds,primary,age_main,NA,NA,NA,NA,NA,29,NA,NA,-0.6965879528453884,-1.309789983337691,-0.08338592235308595
onset,ClockTime,dst,REML,onset_poly_interact_04_dst_REML.rds,primary,age_main,NA,NA,NA,NA,NA,30,NA,NA,-0.6668372889192429,-1.2201625464777188,-0.11351203136076682
onset,ClockTime,dst,REML,onset_poly_interact_04_dst_REML.rds,primary,age_main,NA,NA,NA,NA,NA,31,NA,NA,-0.6381441242220296,-1.1371736318610841,-0.13911461658297497
onset,ClockTime,dst,REML,onset_poly_interact_04_dst_REML.rds,primary,age_main,NA,NA,NA,NA,NA,32,NA,NA,-0.6106220089757717,-1.061751992610763,-0.1594920253407804
onset,ClockTime,dst,REML,onset_poly_interact_04_dst_REML.rds,primary,age_main,NA,NA,NA,NA,NA,33,NA,NA,-0.584384493402491,-0.9948052597217802,-0.1739637270832018
onset,ClockTime,dst,REML,onset_poly_interact_04_dst_REML.rds,primary,age_main,NA,NA,NA,NA,NA,34,NA,NA,-0.5595451277242108,-0.937091857337486,-0.1819983981109357
onset,ClockTime,dst,REML,onset_poly_interact_04_dst_REML.rds,primary,age_main,NA,NA,NA,NA,NA,35,NA,NA,-0.5362174621629532,-0.8890333375011052,-0.18340158682480112
onset,ClockTime,dst,REML,onset_poly_interact_04_dst_REML.rds,primary,age_main,NA,NA,NA,NA,NA,36,NA,NA,-0.514515046940741,-0.8505156566648027,-0.1785144372166793
onset,ClockTime,dst,REML,onset_poly_interact_04_dst_REML.rds,primary,age_main,NA,NA,NA,NA,NA,37,NA,NA,-0.4945514322795967,-0.8207829398972342,-0.16831992466195922
onset,ClockTime,dst,REML,onset_poly_interact_04_dst_REML.rds,primary,age_main,NA,NA,NA,NA,NA,38,NA,NA,-0.47644016840154274,-0.7985093262083942,-0.15437101059469127
onset,ClockTime,dst,REML,onset_poly_interact_04_dst_REML.rds,primary,age_main,NA,NA,NA,NA,NA,39,NA,NA,-0.4602948055286019,-0.7820319125536037,-0.13855769850360017
onset,ClockTime,dst,REML,onset_poly_interact_04_dst_REML.rds,primary,age_main,NA,NA,NA,NA,NA,40,NA,NA,-0.4462288938827966,-0.7696313811538043,-0.1228264066117889
onset,ClockTime,dst,REML,onset_poly_interact_04_dst_REML.rds,primary,age_main,NA,NA,NA,NA,NA,41,NA,NA,-0.4343559836861498,-0.7597490975603478,-0.1089628698119518
onset,ClockTime,dst,REML,onset_poly_interact_04_dst_REML.rds,primary,age_main,NA,NA,NA,NA,NA,42,NA,NA,-0.4247896251606836,-0.7511044245722991,-0.09847482574906802
onset,ClockTime,dst,REML,onset_poly_interact_04_dst_REML.rds,primary,age_main,NA,NA,NA,NA,NA,43,NA,NA,-0.41764336852842066,-0.7427373086957321,-0.09254942836110924
onset,ClockTime,dst,REML,onset_poly_interact_04_dst_REML.rds,primary,age_main,NA,NA,NA,NA,NA,44,NA,NA,-0.4130307640113838,-0.7340203115358797,-0.09204121648688784
onset,ClockTime,dst,REML,onset_poly_interact_04_dst_REML.rds,primary,age_main,NA,NA,NA,NA,NA,45,NA,NA,-0.4110218759461332,-0.724710945680278,-0.09733280621198832
onset,ClockTime,dst,REML,onset_poly_interact_04_dst_REML.rds,primary,age_main,NA,NA,NA,NA,NA,46,NA,NA,-0.4113749597339942,-0.7151633288976216,-0.1075865905703668
onset,ClockTime,dst,REML,onset_poly_interact_04_dst_REML.rds,primary,age_main,NA,NA,NA,NA,NA,47,NA,NA,-0.4137121792897958,-0.7061201637261953,-0.12130419485339627
onset,ClockTime,dst,REML,onset_poly_interact_04_dst_REML.rds,primary,age_main,NA,NA,NA,NA,NA,48,NA,NA,-0.4176551312752766,-0.6985209835657948,-0.13678927898475834
onset,ClockTime,dst,REML,onset_poly_interact_04_dst_REML.rds,primary,age_main,NA,NA,NA,NA,NA,49,NA,NA,-0.422825412352174,-0.6933960734877391,-0.15225475121660875
onset,ClockTime,dst,REML,onset_poly_interact_04_dst_REML.rds,primary,age_main,NA,NA,NA,NA,NA,50,NA,NA,-0.4288446191822257,-0.6917070913299188,-0.16598214703453257
onset,ClockTime,dst,REML,onset_poly_interact_04_dst_REML.rds,primary,age_main,NA,NA,NA,NA,NA,51,NA,NA,-0.4353343484271698,-0.6941259892986091,-0.17654270755573037
onset,ClockTime,dst,REML,onset_poly_interact_04_dst_REML.rds,primary,age_main,NA,NA,NA,NA,NA,52,NA,NA,-0.4419161967487442,-0.7008018184819902,-0.1830305750154984
onset,ClockTime,dst,REML,onset_poly_interact_04_dst_REML.rds,primary,age_main,NA,NA,NA,NA,NA,53,NA,NA,-0.4482117608086867,-0.7112181639174874,-0.185205357699886
onset,ClockTime,dst,REML,onset_poly_interact_04_dst_REML.rds,primary,age_main,NA,NA,NA,NA,NA,54,NA,NA,-0.45384263726873497,-0.7242236601106674,-0.18346161442680253
onset,ClockTime,dst,REML,onset_poly_interact_04_dst_REML.rds,primary,age_main,NA,NA,NA,NA,NA,55,NA,NA,-0.4584304227906268,-0.7382175891015131,-0.17864325647974044
onset,ClockTime,dst,REML,onset_poly_interact_04_dst_REML.rds,primary,age_main,NA,NA,NA,NA,NA,56,NA,NA,-0.46160218568941574,-0.75140250511593,-0.1718018662629015
onset,ClockTime,dst,REML,onset_poly_interact_04_dst_REML.rds,primary,age_main,NA,NA,NA,NA,NA,57,NA,NA,-0.4631713069284733,-0.7624193071242318,-0.1639233067327147
onset,ClockTime,dst,REML,onset_poly_interact_04_dst_REML.rds,primary,age_main,NA,NA,NA,NA,NA,58,NA,NA,-0.463178942211958,-0.7706778983772788,-0.15567998604663713
onset,ClockTime,dst,REML,onset_poly_interact_04_dst_REML.rds,primary,age_main,NA,NA,NA,NA,NA,59,NA,NA,-0.4616801164067562,-0.7759026834725434,-0.1474575493409691
onset,ClockTime,dst,REML,onset_poly_interact_04_dst_REML.rds,primary,age_main,NA,NA,NA,NA,NA,60,NA,NA,-0.45872985437975367,-0.7780317013352906,-0.13942800742421668
onset,ClockTime,dst,REML,onset_poly_interact_04_dst_REML.rds,primary,age_main,NA,NA,NA,NA,NA,61,NA,NA,-0.4543831809978365,-0.7771673292781176,-0.13159903271755535
onset,ClockTime,dst,REML,onset_poly_interact_04_dst_REML.rds,primary,age_main,NA,NA,NA,NA,NA,62,NA,NA,-0.4486951211278905,-0.7735448094886748,-0.1238454327671063
onset,ClockTime,dst,REML,onset_poly_interact_04_dst_REML.rds,primary,age_main,NA,NA,NA,NA,NA,63,NA,NA,-0.4417206996368015,-0.7675129586024441,-0.11592844067115898
onset,ClockTime,dst,REML,onset_poly_interact_04_dst_REML.rds,primary,age_main,NA,NA,NA,NA,NA,64,NA,NA,-0.4335149413914555,-0.7595224237085225,-0.10750745907438848
onset,ClockTime,dst,REML,onset_poly_interact_04_dst_REML.rds,primary,age_main,NA,NA,NA,NA,NA,65,NA,NA,-0.4241328712587388,-0.7501162705261757,-0.09814947199130186
onset,ClockTime,dst,REML,onset_poly_interact_04_dst_REML.rds,primary,age_main,NA,NA,NA,NA,NA,66,NA,NA,-0.4136295141055369,-0.7399187837445087,-0.08734024446656502
onset,ClockTime,dst,REML,onset_poly_interact_04_dst_REML.rds,primary,age_main,NA,NA,NA,NA,NA,67,NA,NA,-0.4020598947987361,-0.7296171189440193,-0.07450267065345284
onset,ClockTime,dst,REML,onset_poly_interact_04_dst_REML.rds,primary,age_main,NA,NA,NA,NA,NA,68,NA,NA,-0.38947903820522234,-0.7199323629299201,-0.0590257134805246
onset,ClockTime,dst,REML,onset_poly_interact_04_dst_REML.rds,primary,age_main,NA,NA,NA,NA,NA,69,NA,NA,-0.3759419691918812,-0.7115780480525071,-0.04030589033125537
onset,ClockTime,dst,REML,onset_poly_interact_04_dst_REML.rds,primary,age_main,NA,NA,NA,NA,NA,70,NA,NA,-0.3615037126255988,-0.7052094616393888,-0.01779796361180885
onset,ClockTime,dst,REML,onset_poly_interact_04_dst_REML.rds,primary,age_main,NA,NA,NA,NA,NA,71,NA,NA,-0.34621929337326146,-0.7013721808429475,0.00893359409642458
onset,ClockTime,dst,REML,onset_poly_interact_04_dst_REML.rds,primary,age_main,NA,NA,NA,NA,NA,72,NA,NA,-0.3301437363017546,-0.7004619624108093,0.04017448980730004
onset,ClockTime,dst,REML,onset_poly_interact_04_dst_REML.rds,primary,age_main,NA,NA,NA,NA,NA,73,NA,NA,-0.3133320662779645,-0.7027064069263872,0.07604227437045818
onset,ClockTime,dst,REML,onset_poly_interact_04_dst_REML.rds,primary,age_main,NA,NA,NA,NA,NA,74,NA,NA,-0.2958393081687771,-0.7081714694957467,0.11649285315819248
onset,ClockTime,dst,REML,onset_poly_interact_04_dst_REML.rds,primary,age_main,NA,NA,NA,NA,NA,75,NA,NA,-0.27772048684107814,-0.7167878828868448,0.16134690920468853
onset,ClockTime,dst,REML,onset_poly_interact_04_dst_REML.rds,primary,age_main,NA,NA,NA,NA,NA,76,NA,NA,-0.2590306271617538,-0.7283875654242175,0.21032631110070987
onset,ClockTime,dst,REML,onset_poly_interact_04_dst_REML.rds,primary,age_main,NA,NA,NA,NA,NA,77,NA,NA,-0.2398247539976899,-0.7427402892547664,0.2630907812593867
onset,ClockTime,dst,REML,onset_poly_interact_04_dst_REML.rds,primary,age_main,NA,NA,NA,NA,NA,78,NA,NA,-0.2201578922157723,-0.7595841833221258,0.31926839889058123
onset,ClockTime,dst,REML,onset_poly_interact_04_dst_REML.rds,primary,age_main,NA,NA,NA,NA,NA,79,NA,NA,-0.20008506668288728,-0.778647828921171,0.37847769555539645
onset,ClockTime,dst,REML,onset_poly_interact_04_dst_REML.rds,primary,age_main,NA,NA,NA,NA,NA,80,NA,NA,-0.17966130226592072,-0.7996644015838247,0.4403417970519833
onset,ClockTime,dst,REML,onset_poly_interact_04_dst_REML.rds,primary,age_main,NA,NA,NA,NA,NA,81,NA,NA,-0.15894162383175814,-0.8223795891520045,0.5044963414884882
onset,ClockTime,dst,REML,onset_poly_interact_04_dst_REML.rds,primary,age_main,NA,NA,NA,NA,NA,82,NA,NA,-0.13798105624728604,-0.8465551213028999,0.5705930088083278
onset,ClockTime,dst,REML,onset_poly_interact_04_dst_REML.rds,primary,age_main,NA,NA,NA,NA,NA,83,NA,NA,-0.11683462437938992,-0.8719697025634183,0.6383004538046384
onset,ClockTime,dst,REML,onset_poly_interact_04_dst_REML.rds,primary,age_main,NA,NA,NA,NA,NA,84,NA,NA,-0.0955573530949562,-0.8984183557974598,0.7073036496075474
onset,ClockTime,dst,REML,onset_poly_interact_04_dst_REML.rds,primary,age_main,NA,NA,NA,NA,NA,85,NA,NA,-0.07420426726087029,-0.9257110978958294,0.7773025633740889
