outcome,outcome_type,batch,model_method,model_file,outcome_variant,analysis,employment_status,is_weekend_factor,sex_concept,month,dst_observes,age_at_sleep,estimate,conf.low,conf.high
offset,ClockTime,dst,REML,offset_poly_interact_04_5_dst_REML.rds,primary,age_x_dst,NA,NA,NA,NA,DST,18,6.337687154746969,4.5172461423456785,8.15812816714826
offset,ClockTime,dst,REML,offset_poly_interact_04_5_dst_REML.rds,primary,age_x_dst,NA,NA,NA,NA,NoDST,18,6.433620868626636,4.659852315548683,8.207389421704589
offset,ClockTime,dst,REML,offset_poly_interact_04_5_dst_REML.rds,primary,age_x_dst,NA,NA,NA,NA,DST,19,6.362258010538451,4.6339691307532505,8.090546890323651
offset,ClockTime,dst,REML,offset_poly_interact_04_5_dst_REML.rds,primary,age_x_dst,NA,NA,NA,NA,NoDST,19,6.458191724418118,4.7715646463956265,8.144818802440609
offset,ClockTime,dst,REML,offset_poly_interact_04_5_dst_REML.rds,primary,age_x_dst,NA,NA,NA,NA,DST,20,6.38613110998102,4.747065349199394,8.025196870762645
offset,ClockTime,dst,REML,offset_poly_interact_04_5_dst_REML.rds,primary,age_x_dst,NA,NA,NA,NA,NoDST,20,6.482064823860687,4.879199752611908,8.084929895109466
offset,ClockTime,dst,REML,offset_poly_interact_04_5_dst_REML.rds,primary,age_x_dst,NA,NA,NA,NA,DST,21,6.4093064530746755,4.856492247654804,7.962120658494547
offset,ClockTime,dst,REML,offset_poly_interact_04_5_dst_REML.rds,primary,age_x_dst,NA,NA,NA,NA,NoDST,21,6.5052401669543425,4.98267264201557,8.027807691893114
offset,ClockTime,dst,REML,offset_poly_interact_04_5_dst_REML.rds,primary,age_x_dst,NA,NA,NA,NA,DST,22,6.431784039819419,4.962216219292252,7.901351860346587
offset,ClockTime,dst,REML,offset_poly_interact_04_5_dst_REML.rds,primary,age_x_dst,NA,NA,NA,NA,NoDST,22,6.527717753699086,5.0819030853085465,7.973532422089626
offset,ClockTime,dst,REML,offset_poly_interact_04_5_dst_REML.rds,primary,age_x_dst,NA,NA,NA,NA,DST,23,6.45356387021525,5.06419439928579,7.84293334114471
offset,ClockTime,dst,REML,offset_poly_interact_04_5_dst_REML.rds,primary,age_x_dst,NA,NA,NA,NA,NoDST,23,6.549497584094917,5.176799842604441,7.922195325585393
offset,ClockTime,dst,REML,offset_poly_interact_04_5_dst_REML.rds,primary,age_x_dst,NA,NA,NA,NA,DST,24,6.474645944262167,5.162382789861294,7.78690909866304
offset,ClockTime,dst,REML,offset_poly_interact_04_5_dst_REML.rds,primary,age_x_dst,NA,NA,NA,NA,NoDST,24,6.570579658141834,5.2672686781985005,7.873890638085167
offset,ClockTime,dst,REML,offset_poly_interact_04_5_dst_REML.rds,primary,age_x_dst,NA,NA,NA,NA,DST,25,6.495030261960172,5.256718808902475,7.733341715017868
offset,ClockTime,dst,REML,offset_poly_interact_04_5_dst_REML.rds,primary,age_x_dst,NA,NA,NA,NA,NoDST,25,6.590963975839839,5.35319894956773,7.828729002111947
offset,ClockTime,dst,REML,offset_poly_interact_04_5_dst_REML.rds,primary,age_x_dst,NA,NA,NA,NA,DST,26,6.514716823309263,5.3471510240371805,7.682282622581346
offset,ClockTime,dst,REML,offset_poly_interact_04_5_dst_REML.rds,primary,age_x_dst,NA,NA,NA,NA,NoDST,26,6.61065053718893,5.43449095846523,7.786810115912631
offset,ClockTime,dst,REML,offset_poly_interact_04_5_dst_REML.rds,primary,age_x_dst,NA,NA,NA,NA,DST,27,6.533705628309444,5.433598270556954,7.633812986061934
offset,ClockTime,dst,REML,offset_poly_interact_04_5_dst_REML.rds,primary,age_x_dst,NA,NA,NA,NA,NoDST,27,6.629639342189111,5.511024604088599,7.748254080289623
offset,ClockTime,dst,REML,offset_poly_interact_04_5_dst_REML.rds,primary,age_x_dst,NA,NA,NA,NA,DST,28,6.55199667696071,5.516004881612359,7.5879884723090605
offset,ClockTime,dst,REML,offset_poly_interact_04_5_dst_REML.rds,primary,age_x_dst,NA,NA,NA,NA,NoDST,28,6.647930390840377,5.582708754978539,7.713152026702215
offset,ClockTime,dst,REML,offset_poly_interact_04_5_dst_REML.rds,primary,age_x_dst,NA,NA,NA,NA,DST,29,6.569589969263063,5.594280925806476,7.54489901271965
offset,ClockTime,dst,REML,offset_poly_interact_04_5_dst_REML.rds,primary,age_x_dst,NA,NA,NA,NA,NoDST,29,6.66552368314273,5.649437178326356,7.681610187959104
offset,ClockTime,dst,REML,offset_poly_interact_04_5_dst_REML.rds,primary,age_x_dst,NA,NA,NA,NA,DST,30,6.586485505216503,5.668334296087222,7.504636714345784
offset,ClockTime,dst,REML,offset_poly_interact_04_5_dst_REML.rds,primary,age_x_dst,NA,NA,NA,NA,NoDST,30,6.68241921909617,5.711120993915809,7.653717444276531
offset,ClockTime,dst,REML,offset_poly_interact_04_5_dst_REML.rds,primary,age_x_dst,NA,NA,NA,NA,DST,31,6.6026832848210315,5.738078052469692,7.467288517172371
offset,ClockTime,dst,REML,offset_poly_interact_04_5_dst_REML.rds,primary,age_x_dst,NA,NA,NA,NA,NoDST,31,6.6986169987006985,5.767700288119134,7.629533709282263
offset,ClockTime,dst,REML,offset_poly_interact_04_5_dst_REML.rds,primary,age_x_dst,NA,NA,NA,NA,DST,32,6.618183308076646,5.803417349730113,7.432949266423179
offset,ClockTime,dst,REML,offset_poly_interact_04_5_dst_REML.rds,primary,age_x_dst,NA,NA,NA,NA,NoDST,32,6.714117021956313,5.819140559104646,7.60909348480798
offset,ClockTime,dst,REML,offset_poly_interact_04_5_dst_REML.rds,primary,age_x_dst,NA,NA,NA,NA,DST,33,6.632985574983349,5.86426360226955,7.401707547697147
offset,ClockTime,dst,REML,offset_poly_interact_04_5_dst_REML.rds,primary,age_x_dst,NA,NA,NA,NA,NoDST,33,6.728919288863016,5.865449119420032,7.592389458305999
offset,ClockTime,dst,REML,offset_poly_interact_04_5_dst_REML.rds,primary,age_x_dst,NA,NA,NA,NA,DST,34,6.647090085541137,5.920519856392773,7.373660314689501
offset,ClockTime,dst,REML,offset_poly_interact_04_5_dst_REML.rds,primary,age_x_dst,NA,NA,NA,NA,NoDST,34,6.743023799420804,5.906669721936336,7.579377876905272
offset,ClockTime,dst,REML,offset_poly_interact_04_5_dst_REML.rds,primary,age_x_dst,NA,NA,NA,NA,DST,35,6.660496839750014,5.972121607198917,7.34887207230111
offset,ClockTime,dst,REML,offset_poly_interact_04_5_dst_REML.rds,primary,age_x_dst,NA,NA,NA,NA,NoDST,35,6.756430553629681,5.942911493776398,7.569949613482963
offset,ClockTime,dst,REML,offset_poly_interact_04_5_dst_REML.rds,primary,age_x_dst,NA,NA,NA,NA,DST,36,6.673205837609978,6.0190027669087725,7.327408908311184
offset,ClockTime,dst,REML,offset_poly_interact_04_5_dst_REML.rds,primary,age_x_dst,NA,NA,NA,NA,NoDST,36,6.769139551489645,5.9743249912609,7.56395411171839
offset,ClockTime,dst,REML,offset_poly_interact_04_5_dst_REML.rds,primary,age_x_dst,NA,NA,NA,NA,DST,37,6.685217079121029,6.061161373084998,7.309272785157059
offset,ClockTime,dst,REML,offset_poly_interact_04_5_dst_REML.rds,primary,age_x_dst,NA,NA,NA,NA,NoDST,37,6.781150793000696,6.0011354075785235,7.561166178422868
offset,ClockTime,dst,REML,offset_poly_interact_04_5_dst_REML.rds,primary,age_x_dst,NA,NA,NA,NA,DST,38,6.696530564283166,6.098606043124897,7.294455085441435
offset,ClockTime,dst,REML,offset_poly_interact_04_5_dst_REML.rds,primary,age_x_dst,NA,NA,NA,NA,NoDST,38,6.792464278162833,6.023600972410449,7.561327583915217
offset,ClockTime,dst,REML,offset_poly_interact_04_5_dst_REML.rds,primary,age_x_dst,NA,NA,NA,NA,DST,39,6.7071462930963905,6.131419336039542,7.282873250153239
offset,ClockTime,dst,REML,offset_poly_interact_04_5_dst_REML.rds,primary,age_x_dst,NA,NA,NA,NA,NoDST,39,6.8030800069760575,6.0420349861380265,7.564125027814089
offset,ClockTime,dst,REML,offset_poly_interact_04_5_dst_REML.rds,primary,age_x_dst,NA,NA,NA,NA,DST,40,6.717064265560703,6.159722547984794,7.274405983136612
offset,ClockTime,dst,REML,offset_poly_interact_04_5_dst_REML.rds,primary,age_x_dst,NA,NA,NA,NA,NoDST,40,6.81299797944037,6.056773474343836,7.569222484536904
offset,ClockTime,dst,REML,offset_poly_interact_04_5_dst_REML.rds,primary,age_x_dst,NA,NA,NA,NA,DST,41,6.726284481676102,6.183725170736562,7.268843792615643
offset,ClockTime,dst,REML,offset_poly_interact_04_5_dst_REML.rds,primary,age_x_dst,NA,NA,NA,NA,NoDST,41,6.822218195555769,6.068183510589787,7.576252880521752
offset,ClockTime,dst,REML,offset_poly_interact_04_5_dst_REML.rds,primary,age_x_dst,NA,NA,NA,NA,DST,42,6.734806941442589,6.203669522630902,7.2659443602542755
offset,ClockTime,dst,REML,offset_poly_interact_04_5_dst_REML.rds,primary,age_x_dst,NA,NA,NA,NA,NoDST,42,6.830740655322256,6.076628416301066,7.584852894343445
offset,ClockTime,dst,REML,offset_poly_interact_04_5_dst_REML.rds,primary,age_x_dst,NA,NA,NA,NA,DST,43,6.742631644860162,6.219865233679829,7.265398056040495
offset,ClockTime,dst,REML,offset_poly_interact_04_5_dst_REML.rds,primary,age_x_dst,NA,NA,NA,NA,NoDST,43,6.838565358739829,6.082472793914636,7.594657923565022
offset,ClockTime,dst,REML,offset_poly_interact_04_5_dst_REML.rds,primary,age_x_dst,NA,NA,NA,NA,DST,44,6.749758591928823,6.232645233793154,7.266871950064492
offset,ClockTime,dst,REML,offset_poly_interact_04_5_dst_REML.rds,primary,age_x_dst,NA,NA,NA,NA,NoDST,44,6.84569230580849,6.086062641531471,7.60532197008551
offset,ClockTime,dst,REML,offset_poly_interact_04_5_dst_REML.rds,primary,age_x_dst,NA,NA,NA,NA,DST,45,6.756187782648571,6.242380713658451,7.26999485163869
offset,ClockTime,dst,REML,offset_poly_interact_04_5_dst_REML.rds,primary,age_x_dst,NA,NA,NA,NA,NoDST,45,6.8521214965282375,6.087724555185789,7.6165184378706865
offset,ClockTime,dst,REML,offset_poly_interact_04_5_dst_REML.rds,primary,age_x_dst,NA,NA,NA,NA,DST,46,6.761919217019406,6.249431547719832,7.27440688631898
offset,ClockTime,dst,REML,offset_poly_interact_04_5_dst_REML.rds,primary,age_x_dst,NA,NA,NA,NA,NoDST,46,6.857852930899073,6.087754760582902,7.627951101215244
offset,ClockTime,dst,REML,offset_poly_interact_04_5_dst_REML.rds,primary,age_x_dst,NA,NA,NA,NA,DST,47,6.766952895041328,6.25415636901459,7.279749421068066
offset,ClockTime,dst,REML,offset_poly_interact_04_5_dst_REML.rds,primary,age_x_dst,NA,NA,NA,NA,NoDST,47,6.862886608920995,6.086418431301757,7.639354786540233
offset,ClockTime,dst,REML,offset_poly_interact_04_5_dst_REML.rds,primary,age_x_dst,NA,NA,NA,NA,DST,48,6.771288816714337,6.25688500868237,7.285692624746304
offset,ClockTime,dst,REML,offset_poly_interact_04_5_dst_REML.rds,primary,age_x_dst,NA,NA,NA,NA,NoDST,48,6.867222530594004,6.083948966649061,7.650496094538948
offset,ClockTime,dst,REML,offset_poly_interact_04_5_dst_REML.rds,primary,age_x_dst,NA,NA,NA,NA,DST,49,6.774926982038434,6.2579181588771355,7.291935805199733
offset,ClockTime,dst,REML,offset_poly_interact_04_5_dst_REML.rds,primary,age_x_dst,NA,NA,NA,NA,NoDST,49,6.870860695918101,6.080545291082446,7.661176100753757
offset,ClockTime,dst,REML,offset_poly_interact_04_5_dst_REML.rds,primary,age_x_dst,NA,NA,NA,NA,DST,50,6.777867391013618,6.257516086501418,7.298218695525817
offset,ClockTime,dst,REML,offset_poly_interact_04_5_dst_REML.rds,primary,age_x_dst,NA,NA,NA,NA,NoDST,50,6.8738011048932846,6.0763737497267645,7.671228460059805
offset,ClockTime,dst,REML,offset_poly_interact_04_5_dst_REML.rds,primary,age_x_dst,NA,NA,NA,NA,DST,51,6.780110043639888,6.2558958827375815,7.304324204542194
offset,ClockTime,dst,REML,offset_poly_interact_04_5_dst_REML.rds,primary,age_x_dst,NA,NA,NA,NA,NoDST,51,6.876043757519555,6.071567309152943,7.680520205886166
offset,ClockTime,dst,REML,offset_poly_interact_04_5_dst_REML.rds,primary,age_x_dst,NA,NA,NA,NA,DST,52,6.781654939917246,6.253232426327204,7.310077453507287
offset,ClockTime,dst,REML,offset_poly_interact_04_5_dst_REML.rds,primary,age_x_dst,NA,NA,NA,NA,NoDST,52,6.877588653796913,6.066233086442182,7.688944221151644
offset,ClockTime,dst,REML,offset_poly_interact_04_5_dst_REML.rds,primary,age_x_dst,NA,NA,NA,NA,DST,53,6.782502079845691,6.249655833161394,7.315348326529988
offset,ClockTime,dst,REML,offset_poly_interact_04_5_dst_REML.rds,primary,age_x_dst,NA,NA,NA,NA,NoDST,53,6.878435793725358,6.060445125155959,7.696426462294757
offset,ClockTime,dst,REML,offset_poly_interact_04_5_dst_REML.rds,primary,age_x_dst,NA,NA,NA,NA,DST,54,6.782651463425223,6.245253596464331,7.320049330386115
offset,ClockTime,dst,REML,offset_poly_interact_04_5_dst_REML.rds,primary,age_x_dst,NA,NA,NA,NA,NoDST,54,6.87858517730489,6.054251077618556,7.702919276991224
offset,ClockTime,dst,REML,offset_poly_interact_04_5_dst_REML.rds,primary,age_x_dst,NA,NA,NA,NA,DST,55,6.782103090655842,6.240069969591803,7.324136211719881
offset,ClockTime,dst,REML,offset_poly_interact_04_5_dst_REML.rds,primary,age_x_dst,NA,NA,NA,NA,NoDST,55,6.878036804535509,6.0476699301289045,7.708403678942114
offset,ClockTime,dst,REML,offset_poly_interact_04_5_dst_REML.rds,primary,age_x_dst,NA,NA,NA,NA,DST,56,6.780856961537549,6.23411537605701,7.327598547018089
offset,ClockTime,dst,REML,offset_poly_interact_04_5_dst_REML.rds,primary,age_x_dst,NA,NA,NA,NA,NoDST,56,6.876790675417216,6.040702625500537,7.712878725333895
offset,ClockTime,dst,REML,offset_poly_interact_04_5_dst_REML.rds,primary,age_x_dst,NA,NA,NA,NA,DST,57,6.778913076070342,6.227353963862217,7.330472188278468
offset,ClockTime,dst,REML,offset_poly_interact_04_5_dst_REML.rds,primary,age_x_dst,NA,NA,NA,NA,NoDST,57,6.874846789950009,6.033315853871504,7.716377726028514
offset,ClockTime,dst,REML,offset_poly_interact_04_5_dst_REML.rds,primary,age_x_dst,NA,NA,NA,NA,DST,58,6.776271434254224,6.219726029858729,7.332816838649719
offset,ClockTime,dst,REML,offset_poly_interact_04_5_dst_REML.rds,primary,age_x_dst,NA,NA,NA,NA,NoDST,58,6.872205148133891,6.025466452882475,7.718943843385307
offset,ClockTime,dst,REML,offset_poly_interact_04_5_dst_REML.rds,primary,age_x_dst,NA,NA,NA,NA,DST,59,6.772932036089191,6.2111178943297745,7.334746177848608
offset,ClockTime,dst,REML,offset_poly_interact_04_5_dst_REML.rds,primary,age_x_dst,NA,NA,NA,NA,NoDST,59,6.868865749968858,6.017067797477375,7.720663702460341
offset,ClockTime,dst,REML,offset_poly_interact_04_5_dst_REML.rds,primary,age_x_dst,NA,NA,NA,NA,DST,60,6.768894881575246,6.201403500247848,7.336386262902645
offset,ClockTime,dst,REML,offset_poly_interact_04_5_dst_REML.rds,primary,age_x_dst,NA,NA,NA,NA,NoDST,60,6.864828595454913,6.008031826190052,7.721625364719774
offset,ClockTime,dst,REML,offset_poly_interact_04_5_dst_REML.rds,primary,age_x_dst,NA,NA,NA,NA,DST,61,6.764159970712388,6.190410723488455,7.337909217936321
offset,ClockTime,dst,REML,offset_poly_interact_04_5_dst_REML.rds,primary,age_x_dst,NA,NA,NA,NA,NoDST,61,6.860093684592055,5.998232662938807,7.721954706245303
offset,ClockTime,dst,REML,offset_poly_interact_04_5_dst_REML.rds,primary,age_x_dst,NA,NA,NA,NA,DST,62,6.758727303500619,6.177958213233079,7.339496393768159
offset,ClockTime,dst,REML,offset_poly_interact_04_5_dst_REML.rds,primary,age_x_dst,NA,NA,NA,NA,NoDST,62,6.854661017380286,5.987540602418902,7.721781432341669
offset,ClockTime,dst,REML,offset_poly_interact_04_5_dst_REML.rds,primary,age_x_dst,NA,NA,NA,NA,DST,63,6.752596879939935,6.163814191838601,7.341379568041268
offset,ClockTime,dst,REML,offset_poly_interact_04_5_dst_REML.rds,primary,age_x_dst,NA,NA,NA,NA,NoDST,63,6.848530593819602,5.975780306559146,7.721280881080057
offset,ClockTime,dst,REML,offset_poly_interact_04_5_dst_REML.rds,primary,age_x_dst,NA,NA,NA,NA,DST,64,6.745768700030339,6.147750679315045,7.343786720745632
offset,ClockTime,dst,REML,offset_poly_interact_04_5_dst_REML.rds,primary,age_x_dst,NA,NA,NA,NA,NoDST,64,6.8417024139100056,5.96277857502901,7.720626252791001
offset,ClockTime,dst,REML,offset_poly_interact_04_5_dst_REML.rds,primary,age_x_dst,NA,NA,NA,NA,DST,65,6.738242763771829,6.129523644489863,7.346961883053796
offset,ClockTime,dst,REML,offset_poly_interact_04_5_dst_REML.rds,primary,age_x_dst,NA,NA,NA,NA,NoDST,65,6.834176477651496,5.948342038729475,7.720010916573518
offset,ClockTime,dst,REML,offset_poly_interact_04_5_dst_REML.rds,primary,age_x_dst,NA,NA,NA,NA,DST,66,6.730019071164407,6.108867968346802,7.351170173982013
offset,ClockTime,dst,REML,offset_poly_interact_04_5_dst_REML.rds,primary,age_x_dst,NA,NA,NA,NA,NoDST,66,6.825952785044074,5.932248764050807,7.719656806037341
offset,ClockTime,dst,REML,offset_poly_interact_04_5_dst_REML.rds,primary,age_x_dst,NA,NA,NA,NA,DST,67,6.721097622208073,6.085542119438067,7.356653124978079
offset,ClockTime,dst,REML,offset_poly_interact_04_5_dst_REML.rds,primary,age_x_dst,NA,NA,NA,NA,NoDST,67,6.81703133608774,5.914285358233447,7.719777313942033
offset,ClockTime,dst,REML,offset_poly_interact_04_5_dst_REML.rds,primary,age_x_dst,NA,NA,NA,NA,DST,68,6.711478416902825,6.059277818253148,7.363679015552502
offset,ClockTime,dst,REML,offset_poly_interact_04_5_dst_REML.rds,primary,age_x_dst,NA,NA,NA,NA,NoDST,68,6.807412130782492,5.894197688920761,7.720626572644223
offset,ClockTime,dst,REML,offset_poly_interact_04_5_dst_REML.rds,primary,age_x_dst,NA,NA,NA,NA,DST,69,6.7011614552486645,6.029855448685117,7.372467461812212
offset,ClockTime,dst,REML,offset_poly_interact_04_5_dst_REML.rds,primary,age_x_dst,NA,NA,NA,NA,NoDST,69,6.7970951691283314,5.871756898869272,7.722433439387391
offset,ClockTime,dst,REML,offset_poly_interact_04_5_dst_REML.rds,primary,age_x_dst,NA,NA,NA,NA,DST,70,6.69014673724559,5.997050813343565,7.383242661147616
offset,ClockTime,dst,REML,offset_poly_interact_04_5_dst_REML.rds,primary,age_x_dst,NA,NA,NA,NA,NoDST,70,6.786080451125257,5.846709594056475,7.72545130819404
offset,ClockTime,dst,REML,offset_poly_interact_04_5_dst_REML.rds,primary,age_x_dst,NA,NA,NA,NA,DST,71,6.678434262893605,5.960690898207019,7.396177627580191
offset,ClockTime,dst,REML,offset_poly_interact_04_5_dst_REML.rds,primary,age_x_dst,NA,NA,NA,NA,NoDST,71,6.774367976773272,5.818829126924298,7.729906826622246
offset,ClockTime,dst,REML,offset_poly_interact_04_5_dst_REML.rds,primary,age_x_dst,NA,NA,NA,NA,DST,72,6.666024032192706,5.920594936927252,7.411453127458159
offset,ClockTime,dst,REML,offset_poly_interact_04_5_dst_REML.rds,primary,age_x_dst,NA,NA,NA,NA,NoDST,72,6.7619577460723725,5.787862769662782,7.736052722481963
offset,ClockTime,dst,REML,offset_poly_interact_04_5_dst_REML.rds,primary,age_x_dst,NA,NA,NA,NA,DST,73,6.652916045142893,5.876648715584094,7.429183374701693
offset,ClockTime,dst,REML,offset_poly_interact_04_5_dst_REML.rds,primary,age_x_dst,NA,NA,NA,NA,NoDST,73,6.74884975902256,5.753604257768698,7.744095260276422
offset,ClockTime,dst,REML,offset_poly_interact_04_5_dst_REML.rds,primary,age_x_dst,NA,NA,NA,NA,DST,74,6.639110301744169,5.828742055091391,7.449478548396947
offset,ClockTime,dst,REML,offset_poly_interact_04_5_dst_REML.rds,primary,age_x_dst,NA,NA,NA,NA,NoDST,74,6.735044015623836,5.715839491548472,7.7542485396992
offset,ClockTime,dst,REML,offset_poly_interact_04_5_dst_REML.rds,primary,age_x_dst,NA,NA,NA,NA,DST,75,6.6246068019965305,5.776813599088363,7.472400004904698
offset,ClockTime,dst,REML,offset_poly_interact_04_5_dst_REML.rds,primary,age_x_dst,NA,NA,NA,NA,NoDST,75,6.7205405158761975,5.674394431265977,7.766686600486418
offset,ClockTime,dst,REML,offset_poly_interact_04_5_dst_REML.rds,primary,age_x_dst,NA,NA,NA,NA,DST,76,6.609405545899981,5.720812088199222,7.49799900360074
offset,ClockTime,dst,REML,offset_poly_interact_04_5_dst_REML.rds,primary,age_x_dst,NA,NA,NA,NA,NoDST,76,6.705339259779648,5.6291030779728235,7.781575441586472
offset,ClockTime,dst,REML,offset_poly_interact_04_5_dst_REML.rds,primary,age_x_dst,NA,NA,NA,NA,DST,77,6.5935065334545175,5.660713397003021,7.526299669906014
offset,ClockTime,dst,REML,offset_poly_interact_04_5_dst_REML.rds,primary,age_x_dst,NA,NA,NA,NA,NoDST,77,6.6894402473341845,5.579828957888995,7.799051536779374
offset,ClockTime,dst,REML,offset_poly_interact_04_5_dst_REML.rds,primary,age_x_dst,NA,NA,NA,NA,DST,78,6.576909764660141,5.596506761242472,7.55731276807781
offset,ClockTime,dst,REML,offset_poly_interact_04_5_dst_REML.rds,primary,age_x_dst,NA,NA,NA,NA,NoDST,78,6.672843478539808,5.526455785363477,7.819231171716139
offset,ClockTime,dst,REML,offset_poly_interact_04_5_dst_REML.rds,primary,age_x_dst,NA,NA,NA,NA,DST,79,6.559615239516852,5.528210525704777,7.591019953328926
offset,ClockTime,dst,REML,offset_poly_interact_04_5_dst_REML.rds,primary,age_x_dst,NA,NA,NA,NA,NoDST,79,6.655548953396519,5.468906835409539,7.842191071383498
offset,ClockTime,dst,REML,offset_poly_interact_04_5_dst_REML.rds,primary,age_x_dst,NA,NA,NA,NA,DST,80,6.54162295802465,5.455839683197906,7.627406232851394
offset,ClockTime,dst,REML,offset_poly_interact_04_5_dst_REML.rds,primary,age_x_dst,NA,NA,NA,NA,NoDST,80,6.637556671904317,5.407114144709503,7.867999199099131
offset,ClockTime,dst,REML,offset_poly_interact_04_5_dst_REML.rds,primary,age_x_dst,NA,NA,NA,NA,DST,81,6.5229329201835355,5.379422176362923,7.666443664004148
offset,ClockTime,dst,REML,offset_poly_interact_04_5_dst_REML.rds,primary,age_x_dst,NA,NA,NA,NA,NoDST,81,6.6188666340632025,5.341036228717883,7.896697039408522
offset,ClockTime,dst,REML,offset_poly_interact_04_5_dst_REML.rds,primary,age_x_dst,NA,NA,NA,NA,DST,82,6.503545125993508,5.298986526059836,7.70810372592718
offset,ClockTime,dst,REML,offset_poly_interact_04_5_dst_REML.rds,primary,age_x_dst,NA,NA,NA,NA,NoDST,82,6.599478839873175,5.270645648767448,7.928312030978902
offset,ClockTime,dst,REML,offset_poly_interact_04_5_dst_REML.rds,primary,age_x_dst,NA,NA,NA,NA,DST,83,6.4834595754545665,5.214578288770706,7.752340862138427
offset,ClockTime,dst,REML,offset_poly_interact_04_5_dst_REML.rds,primary,age_x_dst,NA,NA,NA,NA,NoDST,83,6.5793932893342335,5.195945738531629,7.962840840136838
offset,ClockTime,dst,REML,offset_poly_interact_04_5_dst_REML.rds,primary,age_x_dst,NA,NA,NA,NA,DST,84,6.462676268566715,5.126231286033968,7.799121251099462
offset,ClockTime,dst,REML,offset_poly_interact_04_5_dst_REML.rds,primary,age_x_dst,NA,NA,NA,NA,NoDST,84,6.558609982446382,5.1169393209374885,8.000280643955275
offset,ClockTime,dst,REML,offset_poly_interact_04_5_dst_REML.rds,primary,age_x_dst,NA,NA,NA,NA,DST,85,6.441195205329948,5.033983995593051,7.848406415066845
offset,ClockTime,dst,REML,offset_poly_interact_04_5_dst_REML.rds,primary,age_x_dst,NA,NA,NA,NA,NoDST,85,6.537128919209615,5.033644743818757,8.040613094600474
onset,ClockTime,dst,REML,onset_poly_interact_04_5_dst_REML.rds,primary,age_x_dst,NA,NA,NA,NA,DST,18,-1.1195456675926592,-2.559651867876691,0.32056053269137297
onset,ClockTime,dst,REML,onset_poly_interact_04_5_dst_REML.rds,primary,age_x_dst,NA,NA,NA,NA,NoDST,18,-1.2280924175521135,-2.632091466191748,0.1759066310875208
onset,ClockTime,dst,REML,onset_poly_interact_04_5_dst_REML.rds,primary,age_x_dst,NA,NA,NA,NA,DST,19,-1.0786354431178655,-2.4456131390912557,0.2883422528555244
onset,ClockTime,dst,REML,onset_poly_interact_04_5_dst_REML.rds,primary,age_x_dst,NA,NA,NA,NA,NoDST,19,-1.18718219307732,-2.522048809327745,0.1476844231731056
onset,ClockTime,dst,REML,onset_poly_interact_04_5_dst_REML.rds,primary,age_x_dst,NA,NA,NA,NA,DST,20,-1.038685748912903,-2.33485383564909,0.257482337823284
onset,ClockTime,dst,REML,onset_poly_interact_04_5_dst_REML.rds,primary,age_x_dst,NA,NA,NA,NA,NoDST,20,-1.1472324988723577,-2.4156451136877513,0.12118011594303636
onset,ClockTime,dst,REML,onset_poly_interact_04_5_dst_REML.rds,primary,age_x_dst,NA,NA,NA,NA,DST,21,-0.999696584977772,-2.227400118075386,0.2280069481198428
onset,ClockTime,dst,REML,onset_poly_interact_04_5_dst_REML.rds,primary,age_x_dst,NA,NA,NA,NA,NoDST,21,-1.1082433349372265,-2.312941408289025,0.09645473841457264
onset,ClockTime,dst,REML,onset_poly_interact_04_5_dst_REML.rds,primary,age_x_dst,NA,NA,NA,NA,DST,22,-0.961667951312472,-2.1232816767296736,0.19994577410472947
onset,ClockTime,dst,REML,onset_poly_interact_04_5_dst_REML.rds,primary,age_x_dst,NA,NA,NA,NA,NoDST,22,-1.0702147012719263,-2.2140045223697005,0.07357511982584786
onset,ClockTime,dst,REML,onset_poly_interact_04_5_dst_REML.rds,primary,age_x_dst,NA,NA,NA,NA,DST,23,-0.9245998479170032,-2.0225318654890425,0.17333216965503595
onset,ClockTime,dst,REML,onset_poly_interact_04_5_dst_REML.rds,primary,age_x_dst,NA,NA,NA,NA,NoDST,23,-1.0331465978764578,-2.118906855801722,0.05261366004880652
onset,ClockTime,dst,REML,onset_poly_interact_04_5_dst_REML.rds,primary,age_x_dst,NA,NA,NA,NA,DST,24,-0.8884922747913659,-1.9251883249384076,0.14820377535567575
onset,ClockTime,dst,REML,onset_poly_interact_04_5_dst_REML.rds,primary,age_x_dst,NA,NA,NA,NA,NoDST,24,-0.9970390247508204,-2.027726031609972,0.03364798210833109
onset,ClockTime,dst,REML,onset_poly_interact_04_5_dst_REML.rds,primary,age_x_dst,NA,NA,NA,NA,DST,25,-0.8533452319355599,-1.8312933618041003,0.12460289793298074
onset,ClockTime,dst,REML,onset_poly_interact_04_5_dst_REML.rds,primary,age_x_dst,NA,NA,NA,NA,NoDST,25,-0.9618919818950142,-1.9405444148177835,0.01676045102775525
onset,ClockTime,dst,REML,onset_poly_interact_04_5_dst_REML.rds,primary,age_x_dst,NA,NA,NA,NA,DST,26,-0.8191587193495852,-1.7408943482977366,0.10257690959856625
onset,ClockTime,dst,REML,onset_poly_interact_04_5_dst_REML.rds,primary,age_x_dst,NA,NA,NA,NA,NoDST,26,-0.9277054693090396,-1.8574474953010731,0.00203655668299396
onset,ClockTime,dst,REML,onset_poly_interact_04_5_dst_REML.rds,primary,age_x_dst,NA,NA,NA,NA,DST,27,-0.7859327370334417,-1.6540440989322578,0.08217862486537442
onset,ClockTime,dst,REML,onset_poly_interact_04_5_dst_REML.rds,primary,age_x_dst,NA,NA,NA,NA,NoDST,27,-0.894479486992896,-1.778522050045708,-0.0104369239400841
onset,ClockTime,dst,REML,onset_poly_interact_04_5_dst_REML.rds,primary,age_x_dst,NA,NA,NA,NA,DST,28,-0.7536672849871294,-1.5708010533927914,0.06346648341853267
onset,ClockTime,dst,REML,onset_poly_interact_04_5_dst_REML.rds,primary,age_x_dst,NA,NA,NA,NA,NoDST,28,-0.8622140349465838,-1.70385311589774,-0.02057495399542763
onset,ClockTime,dst,REML,onset_poly_interact_04_5_dst_REML.rds,primary,age_x_dst,NA,NA,NA,NA,DST,29,-0.7223623632106485,-1.491229279526923,0.04650455310562607
onset,ClockTime,dst,REML,onset_poly_interact_04_5_dst_REML.rds,primary,age_x_dst,NA,NA,NA,NA,NoDST,29,-0.8309091131701029,-1.6335201857295334,-0.0282980406106722
onset,ClockTime,dst,REML,onset_poly_interact_04_5_dst_REML.rds,primary,age_x_dst,NA,NA,NA,NA,DST,30,-0.6920179717039989,-1.4153981176972512,0.03136217428925336
onset,ClockTime,dst,REML,onset_poly_interact_04_5_dst_REML.rds,primary,age_x_dst,NA,NA,NA,NA,NoDST,30,-0.8005647216634533,-1.5675921612023411,-0.03353728212456552
onset,ClockTime,dst,REML,onset_poly_interact_04_5_dst_REML.rds,primary,age_x_dst,NA,NA,NA,NA,DST,31,-0.6626341104671805,-1.3433811020132704,0.01811288107890951
onset,ClockTime,dst,REML,onset_poly_interact_04_5_dst_REML.rds,primary,age_x_dst,NA,NA,NA,NA,NoDST,31,-0.7711808604266348,-1.506121249207288,-0.03624047164598176
onset,ClockTime,dst,REML,onset_poly_interact_04_5_dst_REML.rds,primary,age_x_dst,NA,NA,NA,NA,DST,32,-0.6342107795001934,-1.2752543723345977,0.00683281333421081
onset,ClockTime,dst,REML,onset_poly_interact_04_5_dst_REML.rds,primary,age_x_dst,NA,NA,NA,NA,NoDST,32,-0.7427575294596478,-1.449136359674019,-0.03637869924527659
onset,ClockTime,dst,REML,onset_poly_interact_04_5_dst_REML.rds,primary,age_x_dst,NA,NA,NA,NA,DST,33,-0.6067479788030377,-1.2110938927904191,-0.00240206481565607
onset,ClockTime,dst,REML,onset_poly_interact_04_5_dst_REML.rds,primary,age_x_dst,NA,NA,NA,NA,NoDST,33,-0.715294728762492,-1.3966360548708576,-0.03395340265412627
onset,ClockTime,dst,REML,onset_poly_interact_04_5_dst_REML.rds,primary,age_x_dst,NA,NA,NA,NA,DST,34,-0.5802457083757132,-1.1509713905019936,-0.00952002624943282
onset,ClockTime,dst,REML,onset_poly_interact_04_5_dst_REML.rds,primary,age_x_dst,NA,NA,NA,NA,NoDST,34,-0.6887924583351676,-1.3485820271730384,-0.02900288949729668
onset,ClockTime,dst,REML,onset_poly_interact_04_5_dst_REML.rds,primary,age_x_dst,NA,NA,NA,NA,DST,35,-0.55470396821822,-1.094949004740029,-0.0144589316964111
onset,ClockTime,dst,REML,onset_poly_interact_04_5_dst_REML.rds,primary,age_x_dst,NA,NA,NA,NA,NoDST,35,-0.6632507181776743,-1.304894110427176,-0.0216073259281726
onset,ClockTime,dst,REML,onset_poly_interact_04_5_dst_REML.rds,primary,age_x_dst,NA,NA,NA,NA,DST,36,-0.5301227583305581,-1.0430722233326022,-0.01717329332851402
onset,ClockTime,dst,REML,onset_poly_interact_04_5_dst_REML.rds,primary,age_x_dst,NA,NA,NA,NA,NoDST,36,-0.6386695082900125,-1.2654472723657493,-0.01189174421427563
onset,ClockTime,dst,REML,onset_poly_interact_04_5_dst_REML.rds,primary,age_x_dst,NA,NA,NA,NA,DST,37,-0.5065020787127275,-0.9953619060787552,-0.01764225134669972
onset,ClockTime,dst,REML,onset_poly_interact_04_5_dst_REML.rds,primary,age_x_dst,NA,NA,NA,NA,NoDST,37,-0.6150488286721818,-1.2300719272858816,-2.5730058481943097e-5
onset,ClockTime,dst,REML,onset_poly_interact_04_5_dst_REML.rds,primary,age_x_dst,NA,NA,NA,NA,DST,38,-0.48384192936472814,-0.9518056104547248,-0.01587824827473138
onset,ClockTime,dst,REML,onset_poly_interact_04_5_dst_REML.rds,primary,age_x_dst,NA,NA,NA,NA,NoDST,38,-0.5923886793241825,-1.1985572452902802,0.01377988664191531
onset,ClockTime,dst,REML,onset_poly_interact_04_5_dst_REML.rds,primary,age_x_dst,NA,NA,NA,NA,DST,39,-0.46214231028656005,-0.9123495016204992,-0.011935118952621
onset,ClockTime,dst,REML,onset_poly_interact_04_5_dst_REML.rds,primary,age_x_dst,NA,NA,NA,NA,NoDST,39,-0.5706890602460144,-1.1706576630637875,0.02927954257175902
onset,ClockTime,dst,REML,onset_poly_interact_04_5_dst_REML.rds,primary,age_x_dst,NA,NA,NA,NA,DST,40,-0.4414032214782233,-0.8768924849084865,-0.00591395804796018
onset,ClockTime,dst,REML,onset_poly_interact_04_5_dst_REML.rds,primary,age_x_dst,NA,NA,NA,NA,NoDST,40,-0.5499499714376777,-1.1461016107724298,0.04620166789707458
onset,ClockTime,dst,REML,onset_poly_interact_04_5_dst_REML.rds,primary,age_x_dst,NA,NA,NA,NA,DST,41,-0.4216246629397178,-0.8452833673950139,0.00203404151557828
onset,ClockTime,dst,REML,onset_poly_interact_04_5_dst_REML.rds,primary,age_x_dst,NA,NA,NA,NA,NoDST,41,-0.5301714128991721,-1.1246016155197722,0.06425878972142796
onset,ClockTime,dst,REML,onset_poly_interact_04_5_dst_REML.rds,primary,age_x_dst,NA,NA,NA,NA,DST,42,-0.4028066346710436,-0.8173230160825,0.0117097467404128
onset,ClockTime,dst,REML,onset_poly_interact_04_5_dst_REML.rds,primary,age_x_dst,NA,NA,NA,NA,NoDST,42,-0.511353384630498,-1.105864669481751,0.08315790022075553
onset,ClockTime,dst,REML,onset_poly_interact_04_5_dst_REML.rds,primary,age_x_dst,NA,NA,NA,NA,DST,43,-0.38494913667220065,-0.7927705490407171,0.02287227569631572
onset,ClockTime,dst,REML,onset_poly_interact_04_5_dst_REML.rds,primary,age_x_dst,NA,NA,NA,NA,NoDST,43,-0.49349588663165506,-1.0896016400600763,0.10260986679676626
onset,ClockTime,dst,REML,onset_poly_interact_04_5_dst_REML.rds,primary,age_x_dst,NA,NA,NA,NA,DST,44,-0.36805216894318904,-0.7713540538185607,0.03524971593218262
onset,ClockTime,dst,REML,onset_poly_interact_04_5_dst_REML.rds,primary,age_x_dst,NA,NA,NA,NA,NoDST,44,-0.47659891890264344,-1.075535183285256,0.12233734547996904
onset,ClockTime,dst,REML,onset_poly_interact_04_5_dst_REML.rds,primary,age_x_dst,NA,NA,NA,NA,DST,45,-0.35211573148400865,-0.7527834435155687,0.04855198054755144
onset,ClockTime,dst,REML,onset_poly_interact_04_5_dst_REML.rds,primary,age_x_dst,NA,NA,NA,NA,NoDST,45,-0.46066248144346306,-1.0634061723836563,0.14208120949673048
onset,ClockTime,dst,REML,onset_poly_interact_04_5_dst_REML.rds,primary,age_x_dst,NA,NA,NA,NA,DST,46,-0.3371398242946596,-0.7367642031124865,0.06248455452316726
onset,ClockTime,dst,REML,onset_poly_interact_04_5_dst_REML.rds,primary,age_x_dst,NA,NA,NA,NA,NoDST,46,-0.445686574254114,-1.0529778405143042,0.16160469200607624
onset,ClockTime,dst,REML,onset_poly_interact_04_5_dst_REML.rds,primary,age_x_dst,NA,NA,NA,NA,DST,47,-0.3231244473751419,-0.7230099820096249,0.07676108725934105
onset,ClockTime,dst,REML,onset_poly_interact_04_5_dst_REML.rds,primary,age_x_dst,NA,NA,NA,NA,NoDST,47,-0.4316711973345963,-1.044038535822272,0.18069614115307936
onset,ClockTime,dst,REML,onset_poly_interact_04_5_dst_REML.rds,primary,age_x_dst,NA,NA,NA,NA,DST,48,-0.3100696007254554,-0.7112529769580604,0.0911137755071496
onset,ClockTime,dst,REML,onset_poly_interact_04_5_dst_REML.rds,primary,age_x_dst,NA,NA,NA,NA,NoDST,48,-0.4186163506849098,-1.0364029789632974,0.19917027759347777
onset,ClockTime,dst,REML,onset_poly_interact_04_5_dst_REML.rds,primary,age_x_dst,NA,NA,NA,NA,DST,49,-0.29797528434560017,-0.7012518609838199,0.10530129229261952
onset,ClockTime,dst,REML,onset_poly_interact_04_5_dst_REML.rds,primary,age_x_dst,NA,NA,NA,NA,NoDST,49,-0.40652203430505457,-1.0299125399515003,0.21686847134139128
onset,ClockTime,dst,REML,onset_poly_interact_04_5_dst_REML.rds,primary,age_x_dst,NA,NA,NA,NA,DST,50,-0.28684149823557625,-0.6927968649203468,0.11911386844919424
onset,ClockTime,dst,REML,onset_poly_interact_04_5_dst_REML.rds,primary,age_x_dst,NA,NA,NA,NA,NoDST,50,-0.39538824819503066,-1.0244348151158384,0.2336583187257772
onset,ClockTime,dst,REML,onset_poly_interact_04_5_dst_REML.rds,primary,age_x_dst,NA,NA,NA,NA,DST,51,-0.27666824239538357,-0.6857123872413078,0.13237590245054065
onset,ClockTime,dst,REML,onset_poly_interact_04_5_dst_REML.rds,primary,age_x_dst,NA,NA,NA,NA,NoDST,51,-0.385214992354838,-1.0198626620929483,0.24943267738327263
onset,ClockTime,dst,REML,onset_poly_interact_04_5_dst_REML.rds,primary,age_x_dst,NA,NA,NA,NA,DST,52,-0.2674555168250222,-0.6798583971674532,0.14494736351740878
onset,ClockTime,dst,REML,onset_poly_interact_04_5_dst_REML.rds,primary,age_x_dst,NA,NA,NA,NA,NoDST,52,-0.3760022667844766,-1.01611319088745,0.2641086573184967
onset,ClockTime,dst,REML,onset_poly_interact_04_5_dst_REML.rds,primary,age_x_dst,NA,NA,NA,NA,DST,53,-0.2592033215244922,-0.6751300902865951,0.15672344723761072
onset,ClockTime,dst,REML,onset_poly_interact_04_5_dst_REML.rds,primary,age_x_dst,NA,NA,NA,NA,NoDST,53,-0.3677500714839466,-1.0131265783017656,0.27762643533387227
onset,ClockTime,dst,REML,onset_poly_interact_04_5_dst_REML.rds,primary,age_x_dst,NA,NA,NA,NA,DST,54,-0.25191165649379343,-0.6714570407754292,0.16763372778784236
onset,ClockTime,dst,REML,onset_poly_interact_04_5_dst_REML.rds,primary,age_x_dst,NA,NA,NA,NA,NoDST,54,-0.36045840645324784,-1.010864896141833,0.28994808323533733
onset,ClockTime,dst,REML,onset_poly_interact_04_5_dst_REML.rds,primary,age_x_dst,NA,NA,NA,NA,DST,55,-0.2455805217329259,-0.6688021974088287,0.1776411539429769
onset,ClockTime,dst,REML,onset_poly_interact_04_5_dst_REML.rds,primary,age_x_dst,NA,NA,NA,NA,NoDST,55,-0.3541272716923803,-1.009311185387689,0.30105664200292853
onset,ClockTime,dst,REML,onset_poly_interact_04_5_dst_REML.rds,primary,age_x_dst,NA,NA,NA,NA,DST,56,-0.2402099172418897,-0.6671604561547041,0.18674062167092473
onset,ClockTime,dst,REML,onset_poly_interact_04_5_dst_REML.rds,primary,age_x_dst,NA,NA,NA,NA,NoDST,56,-0.3487566672013441,-1.0084686196045842,0.310955285201896
onset,ClockTime,dst,REML,onset_poly_interact_04_5_dst_REML.rds,primary,age_x_dst,NA,NA,NA,NA,DST,57,-0.2357998430206848,-0.6665572563711528,0.19495757032978328
onset,ClockTime,dst,REML,onset_poly_interact_04_5_dst_REML.rds,primary,age_x_dst,NA,NA,NA,NA,NoDST,57,-0.3443465929801392,-1.0083596914151285,0.31966650545485004
onset,ClockTime,dst,REML,onset_poly_interact_04_5_dst_REML.rds,primary,age_x_dst,NA,NA,NA,NA,DST,58,-0.2323502990693112,-0.6670473178159225,0.20234671967730017
onset,ClockTime,dst,REML,onset_poly_interact_04_5_dst_REML.rds,primary,age_x_dst,NA,NA,NA,NA,NoDST,58,-0.34089704902876555,-1.0090256630833858,0.32723156502585465
onset,ClockTime,dst,REML,onset_poly_interact_04_5_dst_REML.rds,primary,age_x_dst,NA,NA,NA,NA,DST,59,-0.2298612853877688,-0.668713116031016,0.2089905452554784
onset,ClockTime,dst,REML,onset_poly_interact_04_5_dst_REML.rds,primary,age_x_dst,NA,NA,NA,NA,NoDST,59,-0.3384080353472232,-1.0105261840187336,0.33371011332428724
onset,ClockTime,dst,REML,onset_poly_interact_04_5_dst_REML.rds,primary,age_x_dst,NA,NA,NA,NA,DST,60,-0.22833280197605776,-0.6716634018974338,0.21499779794531831
onset,ClockTime,dst,REML,onset_poly_interact_04_5_dst_REML.rds,primary,age_x_dst,NA,NA,NA,NA,NoDST,60,-0.3368795519355121,-1.0129387428909316,0.33917963901990744
onset,ClockTime,dst,REML,onset_poly_interact_04_5_dst_REML.rds,primary,age_x_dst,NA,NA,NA,NA,DST,61,-0.22776484883417797,-0.67603122968605,0.22050153201769412
onset,ClockTime,dst,REML,onset_poly_interact_04_5_dst_REML.rds,primary,age_x_dst,NA,NA,NA,NA,NoDST,61,-0.33631159879363237,-1.016358290858963,0.34373509327169816
onset,ClockTime,dst,REML,onset_poly_interact_04_5_dst_REML.rds,primary,age_x_dst,NA,NA,NA,NA,DST,62,-0.22815742596212948,-0.6819716427013509,0.22565679077709191
onset,ClockTime,dst,REML,onset_poly_interact_04_5_dst_REML.rds,primary,age_x_dst,NA,NA,NA,NA,NoDST,62,-0.33670417592158386,-1.0208967129043989,0.34748836106123115
onset,ClockTime,dst,REML,onset_poly_interact_04_5_dst_REML.rds,primary,age_x_dst,NA,NA,NA,NA,DST,63,-0.22951053335991223,-0.6896585412780682,0.23063747455824377
onset,ClockTime,dst,REML,onset_poly_interact_04_5_dst_REML.rds,primary,age_x_dst,NA,NA,NA,NA,NoDST,63,-0.33805728331936663,-1.0266821570812108,0.3505675904424775
onset,ClockTime,dst,REML,onset_poly_interact_04_5_dst_REML.rds,primary,age_x_dst,NA,NA,NA,NA,DST,64,-0.23182417102752637,-0.6992810670566115,0.23563272500155877
onset,ClockTime,dst,REML,onset_poly_interact_04_5_dst_REML.rds,primary,age_x_dst,NA,NA,NA,NA,NoDST,64,-0.34037092098698074,-1.0338581381759104,0.35311629620194895
onset,ClockTime,dst,REML,onset_poly_interact_04_5_dst_REML.rds,primary,age_x_dst,NA,NA,NA,NA,DST,65,-0.2350983389649717,-0.7110389519791894,0.24084227404924605
onset,ClockTime,dst,REML,onset_poly_interact_04_5_dst_REML.rds,primary,age_x_dst,NA,NA,NA,NA,NoDST,65,-0.3436450889244261,-1.0425822719185156,0.3552920940696634
onset,ClockTime,dst,REML,onset_poly_interact_04_5_dst_REML.rds,primary,age_x_dst,NA,NA,NA,NA,DST,66,-0.23933303717224835,-0.7251373416934583,0.2464712673489617
onset,ClockTime,dst,REML,onset_poly_interact_04_5_dst_REML.rds,primary,age_x_dst,NA,NA,NA,NA,NoDST,66,-0.34787978713170276,-1.0530246649168735,0.35726509065346834
onset,ClockTime,dst,REML,onset_poly_interact_04_5_dst_REML.rds,primary,age_x_dst,NA,NA,NA,NA,DST,67,-0.24452826564935629,-0.7417810477644429,0.25272451646573024
onset,ClockTime,dst,REML,onset_poly_interact_04_5_dst_REML.rds,primary,age_x_dst,NA,NA,NA,NA,NoDST,67,-0.35307501560881066,-1.065365791592375,0.35921576037475383
onset,ClockTime,dst,REML,onset_poly_interact_04_5_dst_REML.rds,primary,age_x_dst,NA,NA,NA,NA,DST,68,-0.2506840243962955,-0.761168571059297,0.2598005222667061
onset,ClockTime,dst,REML,onset_poly_interact_04_5_dst_REML.rds,primary,age_x_dst,NA,NA,NA,NA,NoDST,68,-0.3592307743557499,-1.0797939274989374,0.3613323787874376
onset,ClockTime,dst,REML,onset_poly_interact_04_5_dst_REML.rds,primary,age_x_dst,NA,NA,NA,NA,DST,69,-0.257800313413066,-0.783486515270593,0.26788588844446104
onset,ClockTime,dst,REML,onset_poly_interact_04_5_dst_REML.rds,primary,age_x_dst,NA,NA,NA,NA,NoDST,69,-0.3663470633725204,-1.0965020804893897,0.3638079537443488
onset,ClockTime,dst,REML,onset_poly_interact_04_5_dst_REML.rds,primary,age_x_dst,NA,NA,NA,NA,DST,70,-0.26587713269966784,-0.8089046546804167,0.27715038928108104
onset,ClockTime,dst,REML,onset_poly_interact_04_5_dst_REML.rds,primary,age_x_dst,NA,NA,NA,NA,NoDST,70,-0.37442388265912224,-1.1156845674782392,0.36683680215999465
onset,ClockTime,dst,REML,onset_poly_interact_04_5_dst_REML.rds,primary,age_x_dst,NA,NA,NA,NA,DST,71,-0.27491448225610093,-0.837571802822307,0.28774283831010516
onset,ClockTime,dst,REML,onset_poly_interact_04_5_dst_REML.rds,primary,age_x_dst,NA,NA,NA,NA,NoDST,71,-0.38346123221555534,-1.1375332023203448,0.3706107378892341
onset,ClockTime,dst,REML,onset_poly_interact_04_5_dst_REML.rds,primary,age_x_dst,NA,NA,NA,NA,DST,72,-0.28491236208236526,-0.869613567917896,0.2997888437531655
onset,ClockTime,dst,REML,onset_poly_interact_04_5_dst_REML.rds,primary,age_x_dst,NA,NA,NA,NA,NoDST,72,-0.39345911204181966,-1.1622335528187957,0.37531532873515633
onset,ClockTime,dst,REML,onset_poly_interact_04_5_dst_REML.rds,primary,age_x_dst,NA,NA,NA,NA,DST,73,-0.2958707721784609,-0.905131186564596,0.3133896422076743
onset,ClockTime,dst,REML,onset_poly_interact_04_5_dst_REML.rds,primary,age_x_dst,NA,NA,NA,NA,NoDST,73,-0.4044175221379153,-1.189961195215984,0.3811261509401534
onset,ClockTime,dst,REML,onset_poly_interact_04_5_dst_REML.rds,primary,age_x_dst,NA,NA,NA,NA,DST,74,-0.3077897125443878,-0.9442017473089912,0.3286223222202157
onset,ClockTime,dst,REML,onset_poly_interact_04_5_dst_REML.rds,primary,age_x_dst,NA,NA,NA,NA,NoDST,74,-0.4163364625038422,-1.220878235391221,0.3882053103835366
onset,ClockTime,dst,REML,onset_poly_interact_04_5_dst_REML.rds,primary,age_x_dst,NA,NA,NA,NA,DST,75,-0.32066918318014603,-0.9868798857093756,0.3455415193490836
onset,ClockTime,dst,REML,onset_poly_interact_04_5_dst_REML.rds,primary,age_x_dst,NA,NA,NA,NA,NoDST,75,-0.4292159331396005,-1.255130623459559,0.3966987571803582
onset,ClockTime,dst,REML,onset_poly_interact_04_5_dst_REML.rds,primary,age_x_dst,NA,NA,NA,NA,DST,76,-0.3345091840857355,-1.033199910558538,0.364181542387067
onset,ClockTime,dst,REML,onset_poly_interact_04_5_dst_REML.rds,primary,age_x_dst,NA,NA,NA,NA,NoDST,76,-0.4430559340451899,-1.2928458387950523,0.4067339707046725
onset,ClockTime,dst,REML,onset_poly_interact_04_5_dst_REML.rds,primary,age_x_dst,NA,NA,NA,NA,DST,77,-0.3493097152611564,-1.0831788683252697,0.3845594378029568
onset,ClockTime,dst,REML,onset_poly_interact_04_5_dst_REML.rds,primary,age_x_dst,NA,NA,NA,NA,NoDST,77,-0.4578564652206108,-1.3341317926264304,0.4184188621852088
onset,ClockTime,dst,REML,onset_poly_interact_04_5_dst_REML.rds,primary,age_x_dst,NA,NA,NA,NA,DST,78,-0.3650707767064084,-1.136819335259999,0.40667778184718206
onset,ClockTime,dst,REML,onset_poly_interact_04_5_dst_REML.rds,primary,age_x_dst,NA,NA,NA,NA,NoDST,78,-0.4736175266658628,-1.3790761619671223,0.4318411086353968
onset,ClockTime,dst,REML,onset_poly_interact_04_5_dst_REML.rds,primary,age_x_dst,NA,NA,NA,NA,DST,79,-0.3817923684214918,-1.194112828397442,0.4305280915544585
onset,ClockTime,dst,REML,onset_poly_interact_04_5_dst_REML.rds,primary,age_x_dst,NA,NA,NA,NA,NoDST,79,-0.4903391183809462,-1.427747041055316,0.4470688042934235
onset,ClockTime,dst,REML,onset_poly_interact_04_5_dst_REML.rds,primary,age_x_dst,NA,NA,NA,NA,DST,80,-0.3994744904064064,-1.2550421397516565,0.4560931589388437
onset,ClockTime,dst,REML,onset_poly_interact_04_5_dst_REML.rds,primary,age_x_dst,NA,NA,NA,NA,NoDST,80,-0.5080212403658607,-1.4801936813517167,0.46415120061999526
onset,ClockTime,dst,REML,onset_poly_interact_04_5_dst_REML.rds,primary,age_x_dst,NA,NA,NA,NA,DST,81,-0.4181171426611523,-1.319584125691751,0.4833498403694466
onset,ClockTime,dst,REML,onset_poly_interact_04_5_dst_REML.rds,primary,age_x_dst,NA,NA,NA,NA,NoDST,81,-0.5266638926206066,-1.5364484075320992,0.4831206222908859
onset,ClockTime,dst,REML,onset_poly_interact_04_5_dst_REML.rds,primary,age_x_dst,NA,NA,NA,NA,DST,82,-0.4377203251857296,-1.3877114893927702,0.512270839021311
onset,ClockTime,dst,REML,onset_poly_interact_04_5_dst_REML.rds,primary,age_x_dst,NA,NA,NA,NA,NoDST,82,-0.5462670751451839,-1.5965283060277635,0.5039941557373959
onset,ClockTime,dst,REML,onset_poly_interact_04_5_dst_REML.rds,primary,age_x_dst,NA,NA,NA,NA,DST,83,-0.45828403798013806,-1.4593945541331648,0.5428264781728886
onset,ClockTime,dst,REML,onset_poly_interact_04_5_dst_REML.rds,primary,age_x_dst,NA,NA,NA,NA,NoDST,83,-0.5668307879395924,-1.660437526911151,0.5267759510319665
onset,ClockTime,dst,REML,onset_poly_interact_04_5_dst_REML.rds,primary,age_x_dst,NA,NA,NA,NA,DST,84,-0.4798082810443779,-1.5346025538451331,0.5749859917563774
onset,ClockTime,dst,REML,onset_poly_interact_04_5_dst_REML.rds,primary,age_x_dst,NA,NA,NA,NA,NoDST,84,-0.5883550310038322,-1.7281694878122318,0.5514594258045672
onset,ClockTime,dst,REML,onset_poly_interact_04_5_dst_REML.rds,primary,age_x_dst,NA,NA,NA,NA,DST,85,-0.502293054378449,-1.613304477021741,0.6087183682648432
onset,ClockTime,dst,REML,onset_poly_interact_04_5_dst_REML.rds,primary,age_x_dst,NA,NA,NA,NA,NoDST,85,-0.6108398043379033,-1.7997088548109463,0.5780292461351397
